profile,seed,variant,producers,bursts,message_bytes,packet_size,data_delay_ticks,control_delay_ticks,bdp_packets,sender_queue_cap_bytes,switch_queue_cap_bytes,receiver_queue_cap_bytes,injection_interval_ticks,drain_deadline_ticks,nominal_burst_spacing_ticks,jitter_magnitude_ticks,control_message_bytes,switch_egress_packets_per_tick,sender_packets_per_tick,offered_messages,offered_bytes,completed_injection_messages,completed_injection_bytes,completed_deadline_messages,ack_count,rejection_count,loss_count,control_messages,control_bytes,data_packets_sent,data_packets_delivered,modeled_commits,sender_peak_bytes,max_sender_queue_per_producer_bytes,sender_retained_peak_bytes,max_sender_retained_per_producer_bytes,sender_byte_ticks,switch_peak_bytes,switch_byte_ticks,receiver_peak_bytes,receiver_byte_ticks,total_queue_peak_bytes,total_queue_byte_ticks,p99_burst_peak_hotspot_bytes,max_granted_outstanding_packets,max_sender_window_outstanding_packets,cap_overflow_count,unacked_at_deadline,unscheduled_prefix_packets,scheduled_packets_sent,unscheduled_packets_sent,embedded_metadata_bytes,data_wire_bytes_sent
small,0,M1,8,1000,148,1500,4,4,9,592,768000,0,10000,11000,10,3,32,1,1,8000,1184000,7992,1182816,8000,8000,0,0,24000,768000,8000,8000,8000,2368,296,3552,444,13680972,1184,2840564,0,0,3256,16521536,1184,9,0,0,0,0,8000,0,0,1184000
small,0,M2,8,1000,148,1500,4,4,9,592,768000,0,10000,11000,10,3,32,1,1,8000,1184000,7994,1183112,8000,8000,0,0,8000,256000,8000,8000,8000,1184,148,2664,444,1184000,2160,7133760,0,0,2624,8317760,2160,0,0,0,0,1,0,8000,256000,1440000
small,1,M1,8,1000,148,1500,4,4,9,592,768000,0,10000,11000,10,3,32,1,1,8000,1184000,7991,1182668,8000,8000,0,0,24000,768000,8000,8000,8000,2368,296,3552,444,13591580,1184,2863652,0,0,3256,16455232,1184,9,0,0,0,0,8000,0,0,1184000
small,1,M2,8,1000,148,1500,4,4,9,592,768000,0,10000,11000,10,3,32,1,1,8000,1184000,7997,1183556,8000,8000,0,0,8000,256000,8000,8000,8000,1184,148,2664,444,1184000,2160,7053120,0,0,2624,8237120,2160,0,0,0,0,1,0,8000,256000,1440000
small,2,M1,8,1000,148,1500,4,4,9,592,768000,0,10000,11000,10,3,32,1,1,8000,1184000,7992,1182816,8000,8000,0,0,24000,768000,8000,8000,8000,2368,296,3552,444,13676680,1184,2854328,0,0,3256,16531008,1184,9,0,0,0,0,8000,0,0,1184000
small,2,M2,8,1000,148,1500,4,4,9,592,768000,0,10000,11000,10,3,32,1,1,8000,1184000,7997,1183556,8000,8000,0,0,8000,256000,8000,8000,8000,1184,148,2664,444,1184000,2160,7145280,0,0,2624,8329280,2160,0,0,0,0,1,0,8000,256000,1440000
small,3,M1,8,1000,148,1500,4,4,9,592,768000,0,10000,11000,10,3,32,1,1,8000,1184000,7992,1182816,8000,8000,0,0,24000,768000,8000,8000,8000,2368,296,3552,444,13595724,1184,2871348,0,0,3256,16467072,1184,9,0,0,0,0,8000,0,0,1184000
small,3,M2,8,1000,148,1500,4,4,9,592,768000,0,10000,11000,10,3,32,1,1,8000,1184000,7995,1183260,8000,8000,0,0,8000,256000,8000,8000,8000,1184,148,2664,444,1184000,2160,7067520,0,0,2624,8251520,2160,0,0,0,0,1,0,8000,256000,1440000
small,4,M1,8,1000,148,1500,4,4,9,592,768000,0,10000,11000,10,3,32,1,1,8000,1184000,7991,1182668,8000,8000,0,0,24000,768000,8000,8000,8000,2368,296,3552,444,13643380,1184,2863948,0,0,3256,16507328,1184,9,0,0,0,0,8000,0,0,1184000
small,4,M2,8,1000,148,1500,4,4,9,592,768000,0,10000,11000,10,3,32,1,1,8000,1184000,7997,1183556,8000,8000,0,0,8000,256000,8000,8000,8000,1184,148,2664,444,1184000,2160,7116480,0,0,2624,8300480,2160,0,0,0,0,1,0,8000,256000,1440000
small,5,M1,8,1000,148,1500,4,4,9,592,768000,0,10000,11000,10,3,32,1,1,8000,1184000,7992,1182816,8000,8000,0,0,24000,768000,8000,8000,8000,2368,296,3552,444,13656996,1184,2846780,0,0,3256,16503776,1184,9,0,0,0,0,8000,0,0,1184000
small,5,M2,8,1000,148,1500,4,4,9,592,768000,0,10000,11000,10,3,32,1,1,8000,1184000,7997,1183556,8000,8000,0,0,8000,256000,8000,8000,8000,1184,148,2664,444,1184000,2160,7112160,0,0,2624,8296160,2160,0,0,0,0,1,0,8000,256000,1440000
small,6,M1,8,1000,148,1500,4,4,9,592,768000,0,10000,11000,10,3,32,1,1,8000,1184000,7990,1182520,8000,8000,0,0,24000,768000,8000,8000,8000,2368,296,3552,444,13692220,1184,2862468,0,0,3256,16554688,1184,9,0,0,0,0,8000,0,0,1184000
small,6,M2,8,1000,148,1500,4,4,9,592,768000,0,10000,11000,10,3,32,1,1,8000,1184000,7995,1183260,8000,8000,0,0,8000,256000,8000,8000,8000,1184,148,2664,444,1184000,2160,7174080,0,0,2624,8358080,2160,0,0,0,0,1,0,8000,256000,1440000
small,7,M1,8,1000,148,1500,4,4,9,592,768000,0,10000,11000,10,3,32,1,1,8000,1184000,7988,1182224,8000,8000,0,0,24000,768000,8000,8000,8000,2368,296,3552,444,13681860,1184,2876380,0,0,3256,16558240,1184,9,0,0,0,0,8000,0,0,1184000
small,7,M2,8,1000,148,1500,4,4,9,592,768000,0,10000,11000,10,3,32,1,1,8000,1184000,7996,1183408,8000,8000,0,0,8000,256000,8000,8000,8000,1184,148,2664,444,1184000,2160,7178400,0,0,2624,8362400,2160,0,0,0,0,1,0,8000,256000,1440000
small,8,M1,8,1000,148,1500,4,4,9,592,768000,0,10000,11000,10,3,32,1,1,8000,1184000,7991,1182668,8000,8000,0,0,24000,768000,8000,8000,8000,2368,296,3552,444,13647968,1184,2852256,0,0,3256,16500224,1184,9,0,0,0,0,8000,0,0,1184000
small,8,M2,8,1000,148,1500,4,4,9,592,768000,0,10000,11000,10,3,32,1,1,8000,1184000,7999,1183852,8000,8000,0,0,8000,256000,8000,8000,8000,1184,148,2664,444,1184000,2160,7107840,0,0,2624,8291840,2160,0,0,0,0,1,0,8000,256000,1440000
small,9,M1,8,1000,148,1500,4,4,9,592,768000,0,10000,11000,10,3,32,1,1,8000,1184000,7991,1182668,8000,8000,0,0,24000,768000,8000,8000,8000,2368,296,3552,444,13678160,1184,2850480,0,0,3256,16528640,1184,9,0,0,0,0,8000,0,0,1184000
small,9,M2,8,1000,148,1500,4,4,9,592,768000,0,10000,11000,10,3,32,1,1,8000,1184000,7994,1183112,8000,8000,0,0,8000,256000,8000,8000,8000,1184,148,2664,444,1184000,2160,7142400,0,0,2624,8326400,2160,0,0,0,0,1,0,8000,256000,1440000
incast,0,M1,32,1000,65536,1500,4,4,9,131072,768000,0,1760000,1770000,1760,400,32,1,1,32000,2097152000,32000,2097152000,32000,32000,0,0,1472000,47104000,1408000,1408000,32000,2716804,86072,4194304,131072,1532142005200,13500,2142590000,0,0,2718304,1534284595200,13500,9,0,0,0,0,1408000,0,0,2097152000
incast,0,M2,32,1000,65536,1500,4,4,9,131072,768000,0,1760000,1770000,1760,400,32,1,1,32000,2097152000,32000,2097152000,32000,32000,0,0,1408000,45056000,1408000,1408000,32000,2705828,86104,4194304,131072,1515894249084,48000,3099246084,0,0,2707328,1518993495168,48000,9,0,0,0,1,1376000,32000,1024000,2098176000
incast,1,M1,32,1000,65536,1500,4,4,9,131072,768000,0,1760000,1770000,1760,400,32,1,1,32000,2097152000,32000,2097152000,32000,32000,0,0,1472000,47104000,1408000,1408000,32000,2704804,84572,4194304,131072,1534330030736,13500,2141894000,0,0,2706304,1536471924736,13500,9,0,0,0,0,1408000,0,0,2097152000
incast,1,M2,32,1000,65536,1500,4,4,9,131072,768000,0,1760000,1770000,1760,400,32,1,1,32000,2097152000,32000,2097152000,32000,32000,0,0,1408000,45056000,1408000,1408000,32000,2693828,84604,4194304,131072,1518081718408,48000,3094801368,0,0,2695328,1521176519776,48000,9,0,0,0,1,1376000,32000,1024000,2098176000
incast,2,M1,32,1000,65536,1500,4,4,9,131072,768000,0,1760000,1770000,1760,400,32,1,1,32000,2097152000,32000,2097152000,32000,32000,0,0,1472000,47104000,1408000,1408000,32000,2676304,84572,4194304,131072,1531282163880,13500,2142599000,0,0,2677804,1533424762880,13500,9,0,0,0,0,1408000,0,0,2097152000
incast,2,M2,32,1000,65536,1500,4,4,9,131072,768000,0,1760000,1770000,1760,400,32,1,1,32000,2097152000,32000,2097152000,32000,32000,0,0,1408000,45056000,1408000,1408000,32000,2665328,84604,4194304,131072,1515034395072,48000,3098891664,0,0,2666828,1518133286736,48000,9,0,0,0,1,1376000,32000,1024000,2098176000
incast,3,M1,32,1000,65536,1500,4,4,9,131072,768000,0,1760000,1770000,1760,400,32,1,1,32000,2097152000,32000,2097152000,32000,32000,0,0,1472000,47104000,1408000,1408000,32000,2734804,86072,4194304,131072,1536814840856,13500,2142209000,0,0,2736304,1538957049856,13500,9,0,0,0,0,1408000,0,0,2097152000
incast,3,M2,32,1000,65536,1500,4,4,9,131072,768000,0,1760000,1770000,1760,400,32,1,1,32000,2097152000,32000,2097152000,32000,32000,0,0,1408000,45056000,1408000,1408000,32000,2723828,86104,4194304,131072,1520566403016,48000,3097468680,0,0,2725328,1523663871696,48000,9,0,0,0,1,1376000,32000,1024000,2098176000
incast,4,M1,32,1000,65536,1500,4,4,9,131072,768000,0,1760000,1770000,1760,400,32,1,1,32000,2097152000,32000,2097152000,32000,32000,0,0,1472000,47104000,1408000,1408000,32000,2725804,86072,4194304,131072,1532742008172,13500,2142372500,0,0,2727304,1534884380672,13500,9,0,0,0,0,1408000,0,0,2097152000
incast,4,M2,32,1000,65536,1500,4,4,9,131072,768000,0,1760000,1770000,1760,400,32,1,1,32000,2097152000,32000,2097152000,32000,32000,0,0,1408000,45056000,1408000,1408000,32000,2714828,86104,4194304,131072,1516493402480,48000,3098612400,0,0,2716328,1519592014880,48000,9,0,0,0,1,1376000,32000,1024000,2098176000
incast,5,M1,32,1000,65536,1500,4,4,9,131072,768000,0,1760000,1770000,1760,400,32,1,1,32000,2097152000,32000,2097152000,32000,32000,0,0,1472000,47104000,1408000,1408000,32000,2697304,84572,4194304,131072,1533444633592,13500,2142293000,0,0,2698804,1535586926592,13500,9,0,0,0,0,1408000,0,0,2097152000
incast,5,M2,32,1000,65536,1500,4,4,9,131072,768000,0,1760000,1770000,1760,400,32,1,1,32000,2097152000,32000,2097152000,32000,32000,0,0,1408000,45056000,1408000,1408000,32000,2686328,84604,4194304,131072,1517196557228,48000,3097291956,0,0,2687828,1520293849184,48000,9,0,0,0,1,1376000,32000,1024000,2098176000
incast,6,M1,32,1000,65536,1500,4,4,9,131072,768000,0,1760000,1770000,1760,400,32,1,1,32000,2097152000,32000,2097152000,32000,32000,0,0,1472000,47104000,1408000,1408000,32000,2701804,84572,4194304,131072,1532917972440,13500,2142569000,0,0,2703304,1535060541440,13500,9,0,0,0,0,1408000,0,0,2097152000
incast,6,M2,32,1000,65536,1500,4,4,9,131072,768000,0,1760000,1770000,1760,400,32,1,1,32000,2097152000,32000,2097152000,32000,32000,0,0,1408000,45056000,1408000,1408000,32000,2690828,84604,4194304,131072,1516669526168,48000,3099188472,0,0,2692328,1519768714640,48000,9,0,0,0,1,1376000,32000,1024000,2098176000
incast,7,M1,32,1000,65536,1500,4,4,9,131072,768000,0,1760000,1770000,1760,400,32,1,1,32000,2097152000,32000,2097152000,32000,32000,0,0,1472000,47104000,1408000,1408000,32000,2716804,86072,4194304,131072,1534778212264,13500,2142503000,0,0,2718304,1536920715264,13500,9,0,0,0,0,1408000,0,0,2097152000
incast,7,M2,32,1000,65536,1500,4,4,9,131072,768000,0,1760000,1770000,1760,400,32,1,1,32000,2097152000,32000,2097152000,32000,32000,0,0,1408000,45056000,1408000,1408000,32000,2705828,86104,4194304,131072,1518530141684,48000,3097957644,0,0,2707328,1521628099328,48000,9,0,0,0,1,1376000,32000,1024000,2098176000
incast,8,M1,32,1000,65536,1500,4,4,9,131072,768000,0,1760000,1770000,1760,400,32,1,1,32000,2097152000,32000,2097152000,32000,32000,0,0,1472000,47104000,1408000,1408000,32000,2706304,84572,4194304,131072,1537228086300,13500,2142102500,0,0,2707804,1539370188800,13500,9,0,0,0,0,1408000,0,0,2097152000
incast,8,M2,32,1000,65536,1500,4,4,9,131072,768000,0,1760000,1770000,1760,400,32,1,1,32000,2097152000,32000,2097152000,32000,32000,0,0,1408000,45056000,1408000,1408000,32000,2695328,84604,4194304,131072,1520980598860,48000,3095900436,0,0,2696828,1524076499296,48000,9,0,0,0,1,1376000,32000,1024000,2098176000
incast,9,M1,32,1000,65536,1500,4,4,9,131072,768000,0,1760000,1770000,1760,400,32,1,1,32000,2097152000,32000,2097152000,32000,32000,0,0,1472000,47104000,1408000,1408000,32000,2728804,86072,4194304,131072,1530665328192,13500,2142872000,0,0,2730304,1532808200192,13500,9,0,0,0,0,1408000,0,0,2097152000
incast,9,M2,32,1000,65536,1500,4,4,9,131072,768000,0,1760000,1770000,1760,400,32,1,1,32000,2097152000,32000,2097152000,32000,32000,0,0,1408000,45056000,1408000,1408000,32000,2717828,86104,4194304,131072,1514417153136,48000,3101329680,0,0,2719328,1517518482816,48000,9,0,0,0,1,1376000,32000,1024000,2098176000
