variant,run,repeat,batch_size,events,elapsed_ns,batches,full_rejections,max_occupancy,fingerprint
old,0,0,1,500000,54193999,500000,499744,256,5669176c880f3a3e
old,0,0,8,500000,50026800,62500,62468,256,5669176c880f3a3e
old,0,0,64,500000,53897100,7813,7809,256,5669176c880f3a3e
old,0,0,256,500000,52103799,1954,1953,256,5669176c880f3a3e
old,0,1,8,500000,48984600,62500,62468,256,5669176c880f3a3e
old,0,1,64,500000,53474199,7813,7809,256,5669176c880f3a3e
old,0,1,256,500000,55649800,1954,1953,256,5669176c880f3a3e
old,0,1,1,500000,49570600,500000,499744,256,5669176c880f3a3e
old,0,2,64,500000,49965199,7813,7809,256,5669176c880f3a3e
old,0,2,256,500000,50013800,1954,1953,256,5669176c880f3a3e
old,0,2,1,500000,51168999,500000,499744,256,5669176c880f3a3e
old,0,2,8,500000,48539100,62500,62468,256,5669176c880f3a3e
fake,0,0,1,500000,54904100,500000,499744,256,c31dcb3506fbab41
fake,0,0,8,500000,52843499,62500,62468,256,c31dcb3506fbab41
fake,0,0,64,500000,54191900,7813,7809,256,c31dcb3506fbab41
fake,0,0,256,500000,51949899,1954,1953,256,c31dcb3506fbab41
fake,0,1,8,500000,52450000,62500,62468,256,c31dcb3506fbab41
fake,0,1,64,500000,51330300,7813,7809,256,c31dcb3506fbab41
fake,0,1,256,500000,50270299,1954,1953,256,c31dcb3506fbab41
fake,0,1,1,500000,53966100,500000,499744,256,c31dcb3506fbab41
fake,0,2,64,500000,57538799,7813,7809,256,c31dcb3506fbab41
fake,0,2,256,500000,58209200,1954,1953,256,c31dcb3506fbab41
fake,0,2,1,500000,56507800,500000,499744,256,c31dcb3506fbab41
fake,0,2,8,500000,54790699,62500,62468,256,c31dcb3506fbab41
fake,1,0,1,500000,52231300,500000,499744,256,c31dcb3506fbab41
fake,1,0,8,500000,50906799,62500,62468,256,c31dcb3506fbab41
fake,1,0,64,500000,59370600,7813,7809,256,c31dcb3506fbab41
fake,1,0,256,500000,60108000,1954,1953,256,c31dcb3506fbab41
fake,1,1,8,500000,63961199,62500,62468,256,c31dcb3506fbab41
fake,1,1,64,500000,60049900,7813,7809,256,c31dcb3506fbab41
fake,1,1,256,500000,76743999,1954,1953,256,c31dcb3506fbab41
fake,1,1,1,500000,65952300,500000,499744,256,c31dcb3506fbab41
fake,1,2,64,500000,66461899,7813,7809,256,c31dcb3506fbab41
fake,1,2,256,500000,61142700,1954,1953,256,c31dcb3506fbab41
fake,1,2,1,500000,58533099,500000,499744,256,c31dcb3506fbab41
fake,1,2,8,500000,59979800,62500,62468,256,c31dcb3506fbab41
old,1,0,1,500000,50492399,500000,499744,256,5669176c880f3a3e
old,1,0,8,500000,46379300,62500,62468,256,5669176c880f3a3e
old,1,0,64,500000,53149600,7813,7809,256,5669176c880f3a3e
old,1,0,256,500000,50044499,1954,1953,256,5669176c880f3a3e
old,1,1,8,500000,55285600,62500,62468,256,5669176c880f3a3e
old,1,1,64,500000,54261599,7813,7809,256,5669176c880f3a3e
old,1,1,256,500000,54507900,1954,1953,256,5669176c880f3a3e
old,1,1,1,500000,61352799,500000,499744,256,5669176c880f3a3e
old,1,2,64,500000,52155500,7813,7809,256,5669176c880f3a3e
old,1,2,256,500000,55394700,1954,1953,256,5669176c880f3a3e
old,1,2,1,500000,51007399,500000,499744,256,5669176c880f3a3e
old,1,2,8,500000,53220300,62500,62468,256,5669176c880f3a3e
old,2,0,1,500000,53104099,500000,499744,256,5669176c880f3a3e
old,2,0,8,500000,49092900,62500,62468,256,5669176c880f3a3e
old,2,0,64,500000,51129000,7813,7809,256,5669176c880f3a3e
old,2,0,256,500000,50033999,1954,1953,256,5669176c880f3a3e
old,2,1,8,500000,46420100,62500,62468,256,5669176c880f3a3e
old,2,1,64,500000,47421700,7813,7809,256,5669176c880f3a3e
old,2,1,256,500000,49254699,1954,1953,256,5669176c880f3a3e
old,2,1,1,500000,47547200,500000,499744,256,5669176c880f3a3e
old,2,2,64,500000,46932500,7813,7809,256,5669176c880f3a3e
old,2,2,256,500000,48417099,1954,1953,256,5669176c880f3a3e
old,2,2,1,500000,47200200,500000,499744,256,5669176c880f3a3e
old,2,2,8,500000,44755400,62500,62468,256,5669176c880f3a3e
fake,2,0,1,500000,53496299,500000,499744,256,c31dcb3506fbab41
fake,2,0,8,500000,50755000,62500,62468,256,c31dcb3506fbab41
fake,2,0,64,500000,52887799,7813,7809,256,c31dcb3506fbab41
fake,2,0,256,500000,55968600,1954,1953,256,c31dcb3506fbab41
fake,2,1,8,500000,52688700,62500,62468,256,c31dcb3506fbab41
fake,2,1,64,500000,54564599,7813,7809,256,c31dcb3506fbab41
fake,2,1,256,500000,53970100,1954,1953,256,c31dcb3506fbab41
fake,2,1,1,500000,55066799,500000,499744,256,c31dcb3506fbab41
fake,2,2,64,500000,52356400,7813,7809,256,c31dcb3506fbab41
fake,2,2,256,500000,52736999,1954,1953,256,c31dcb3506fbab41
fake,2,2,1,500000,56402700,500000,499744,256,c31dcb3506fbab41
fake,2,2,8,500000,55475800,62500,62468,256,c31dcb3506fbab41
