phase,event_index,elapsed_ns,events,full_rejections,file_bytes,peak_rss_kib,alloc_calls,alloc_requested_bytes
append,1,2991600,,,,,,
append,2,2874399,,,,,,
append,3,2630600,,,,,,
append,4,2554200,,,,,,
append,5,2637300,,,,,,
append,6,3083399,,,,,,
append,7,2725400,,,,,,
append,8,2726300,,,,,,
append,9,2728300,,,,,,
append,10,2585999,,,,,,
append,11,2527900,,,,,,
append,12,2877600,,,,,,
append,13,2725800,,,,,,
append,14,3086699,,,,,,
append,15,2715500,,,,,,
append,16,2540900,,,,,,
append,17,2426700,,,,,,
append,18,2537699,,,,,,
append,19,2551900,,,,,,
append,20,2671700,,,,,,
append,21,2572700,,,,,,
append,22,2543999,,,,,,
append,23,2532600,,,,,,
append,24,2487800,,,,,,
append,25,2902600,,,,,,
append,26,2763099,,,,,,
append,27,6068400,,,,,,
append,28,3082500,,,,,,
append,29,3066599,,,,,,
append,30,2808400,,,,,,
append,31,3009100,,,,,,
append,32,3080600,,,,,,
append,33,2653399,,,,,,
append,34,2715000,,,,,,
append,35,2886800,,,,,,
append,36,3453200,,,,,,
append,37,3233299,,,,,,
append,38,4028100,,,,,,
append,39,3295800,,,,,,
append,40,3147199,,,,,,
append,41,3805600,,,,,,
append,42,3363500,,,,,,
append,43,3290999,,,,,,
append,44,3318900,,,,,,
append,45,2914200,,,,,,
append,46,2681400,,,,,,
append,47,3046999,,,,,,
append,48,2729800,,,,,,
append,49,2790700,,,,,,
append,50,2969500,,,,,,
append,51,2762299,,,,,,
append,52,2820300,,,,,,
append,53,3069400,,,,,,
append,54,2627000,,,,,,
append,55,2518599,,,,,,
append,56,2580700,,,,,,
append,57,2516400,,,,,,
append,58,3077400,,,,,,
append,59,3709999,,,,,,
append,60,3389800,,,,,,
append,61,2835900,,,,,,
append,62,2520999,,,,,,
append,63,2704000,,,,,,
append,64,2920400,,,,,,
append,65,2839200,,,,,,
append,66,2493399,,,,,,
append,67,2449000,,,,,,
append,68,2425000,,,,,,
append,69,2679900,,,,,,
append,70,2684000,,,,,,
append,71,2674399,,,,,,
append,72,2447300,,,,,,
append,73,2465900,,,,,,
append,74,2395100,,,,,,
append,75,2469199,,,,,,
append,76,2529200,,,,,,
append,77,2899600,,,,,,
append,78,2336000,,,,,,
append,79,2404899,,,,,,
append,80,2236600,,,,,,
append,81,2198100,,,,,,
append,82,2339100,,,,,,
append,83,2431300,,,,,,
append,84,2972899,,,,,,
append,85,2543100,,,,,,
append,86,2345100,,,,,,
append,87,2311100,,,,,,
append,88,2280200,,,,,,
append,89,2413899,,,,,,
append,90,3347300,,,,,,
append,91,2939400,,,,,,
append,92,2446100,,,,,,
append,93,2461399,,,,,,
append,94,2425500,,,,,,
append,95,2710700,,,,,,
append,96,2495700,,,,,,
append,97,2816299,,,,,,
append,98,2279200,,,,,,
append,99,2580300,,,,,,
append,100,2338600,,,,,,
append,101,2788799,,,,,,
append,102,2387900,,,,,,
append,103,2722500,,,,,,
append,104,2914800,,,,,,
append,105,2549200,,,,,,
append,106,2533599,,,,,,
append,107,2545900,,,,,,
append,108,2455800,,,,,,
append,109,2521400,,,,,,
append,110,2673899,,,,,,
append,111,2631700,,,,,,
append,112,2473800,,,,,,
append,113,2524100,,,,,,
append,114,2601299,,,,,,
append,115,2537700,,,,,,
append,116,2541900,,,,,,
append,117,2477700,,,,,,
append,118,2481000,,,,,,
append,119,2447599,,,,,,
append,120,2593100,,,,,,
append,121,2493900,,,,,,
append,122,2372900,,,,,,
append,123,2825399,,,,,,
append,124,2567200,,,,,,
append,125,2671800,,,,,,
append,126,2752600,,,,,,
append,127,2642299,,,,,,
append,128,2522800,,,,,,
append,129,2776700,,,,,,
append,130,2717100,,,,,,
append,131,2371800,,,,,,
append,132,2691499,,,,,,
append,133,2652900,,,,,,
append,134,2530700,,,,,,
append,135,2927900,,,,,,
append,136,2638799,,,,,,
append,137,2444400,,,,,,
append,138,2559200,,,,,,
append,139,2820000,,,,,,
append,140,2407799,,,,,,
append,141,2434000,,,,,,
append,142,2749600,,,,,,
append,143,2498100,,,,,,
append,144,2756999,,,,,,
append,145,2788300,,,,,,
append,146,2709600,,,,,,
append,147,2736300,,,,,,
append,148,2865799,,,,,,
append,149,2625300,,,,,,
append,150,3315300,,,,,,
append,151,3234100,,,,,,
append,152,3612099,,,,,,
append,153,2702400,,,,,,
append,154,2617000,,,,,,
append,155,2793200,,,,,,
append,156,2649699,,,,,,
append,157,2598300,,,,,,
append,158,2593300,,,,,,
append,159,2401900,,,,,,
append,160,2917199,,,,,,
append,161,2581400,,,,,,
append,162,2536200,,,,,,
append,163,2475000,,,,,,
append,164,2434399,,,,,,
append,165,2437000,,,,,,
append,166,2641500,,,,,,
append,167,2913600,,,,,,
append,168,2988599,,,,,,
append,169,2618800,,,,,,
append,170,2502500,,,,,,
append,171,2397800,,,,,,
append,172,2540500,,,,,,
append,173,2753299,,,,,,
append,174,2607600,,,,,,
append,175,2574100,,,,,,
append,176,2648500,,,,,,
append,177,2472199,,,,,,
append,178,2346000,,,,,,
append,179,2503600,,,,,,
append,180,2945300,,,,,,
append,181,2864199,,,,,,
append,182,2803500,,,,,,
append,183,2518500,,,,,,
append,184,2768700,,,,,,
append,185,2754199,,,,,,
append,186,2458700,,,,,,
append,187,2355000,,,,,,
append,188,2531900,,,,,,
append,189,2490200,,,,,,
append,190,2751999,,,,,,
append,191,3035800,,,,,,
append,192,2815900,,,,,,
append,193,2951000,,,,,,
append,194,2998299,,,,,,
append,195,2436003,,,,,,
append,196,2578603,,,,,,
append,197,2739904,,,,,,
append,198,3058303,,,,,,
append,199,2729803,,,,,,
append,200,2509103,,,,,,
append,201,2403303,,,,,,
append,202,2363103,,,,,,
append,203,2465603,,,,,,
append,204,2849303,,,,,,
append,205,2465603,,,,,,
append,206,2401803,,,,,,
append,207,2371203,,,,,,
append,208,2359503,,,,,,
append,209,2366402,,,,,,
append,210,2680003,,,,,,
append,211,2609304,,,,,,
append,212,2303302,,,,,,
append,213,2353503,,,,,,
append,214,2282303,,,,,,
append,215,2316502,,,,,,
append,216,2357603,,,,,,
append,217,2551103,,,,,,
append,218,2504903,,,,,,
append,219,2368103,,,,,,
append,220,2828903,,,,,,
append,221,3280304,,,,,,
append,222,2755303,,,,,,
append,223,2497303,,,,,,
append,224,2571703,,,,,,
append,225,2497303,,,,,,
append,226,2576303,,,,,,
append,227,2516403,,,,,,
append,228,2662803,,,,,,
append,229,2596303,,,,,,
append,230,2642804,,,,,,
append,231,2498102,,,,,,
append,232,2468203,,,,,,
append,233,2584103,,,,,,
append,234,2761204,,,,,,
append,235,2749903,,,,,,
append,236,2680003,,,,,,
append,237,2692203,,,,,,
append,238,2456503,,,,,,
append,239,2593303,,,,,,
append,240,2585303,,,,,,
append,241,2658503,,,,,,
append,242,2605803,,,,,,
append,243,2892504,,,,,,
append,244,2525803,,,,,,
append,245,2763403,,,,,,
append,246,2834703,,,,,,
append,247,2789004,,,,,,
append,248,2674803,,,,,,
append,249,2988503,,,,,,
append,250,3156204,,,,,,
append,251,2613203,,,,,,
append,252,2815303,,,,,,
append,253,2922004,,,,,,
append,254,2606803,,,,,,
append,255,2948603,,,,,,
append,256,2677503,,,,,,
append,257,2671404,,,,,,
append,258,2620403,,,,,,
append,259,2605703,,,,,,
append,260,2631603,,,,,,
append,261,2819303,,,,,,
append,262,2548403,,,,,,
append,263,2556703,,,,,,
append,264,2674403,,,,,,
append,265,2533503,,,,,,
append,266,2542503,,,,,,
append,267,2615803,,,,,,
append,268,2651903,,,,,,
append,269,2576904,,,,,,
append,270,2806203,,,,,,
append,271,2672603,,,,,,
append,272,2703903,,,,,,
append,273,2622503,,,,,,
append,274,2977204,,,,,,
append,275,2716203,,,,,,
append,276,3000403,,,,,,
append,277,3175104,,,,,,
append,278,2725603,,,,,,
append,279,2867704,,,,,,
append,280,2656603,,,,,,
append,281,2821903,,,,,,
append,282,2624303,,,,,,
append,283,2479403,,,,,,
append,284,2426503,,,,,,
append,285,2354303,,,,,,
append,286,3091403,,,,,,
append,287,2649204,,,,,,
append,288,2636903,,,,,,
append,289,2473603,,,,,,
append,290,2406602,,,,,,
append,291,2423703,,,,,,
append,292,2864604,,,,,,
append,293,2620603,,,,,,
append,294,2615403,,,,,,
append,295,2412203,,,,,,
append,296,2698803,,,,,,
append,297,2601303,,,,,,
append,298,2719903,,,,,,
append,299,2939604,,,,,,
append,300,2768603,,,,,,
append,301,2719503,,,,,,
append,302,2628703,,,,,,
append,303,2560203,,,,,,
append,304,2667303,,,,,,
append,305,3624004,,,,,,
append,306,2744904,,,,,,
append,307,2633003,,,,,,
append,308,2680203,,,,,,
append,309,2677003,,,,,,
append,310,2720003,,,,,,
append,311,3115904,,,,,,
append,312,2835003,,,,,,
append,313,2921604,,,,,,
append,314,2770903,,,,,,
append,315,3044304,,,,,,
append,316,3340004,,,,,,
append,317,2944203,,,,,,
append,318,2768303,,,,,,
append,319,2833204,,,,,,
append,320,2929803,,,,,,
append,321,2886703,,,,,,
append,322,3468304,,,,,,
append,323,2825404,,,,,,
append,324,2744003,,,,,,
append,325,2699903,,,,,,
append,326,2657003,,,,,,
append,327,2689504,,,,,,
append,328,2864403,,,,,,
append,329,2592903,,,,,,
append,330,2696603,,,,,,
append,331,2618603,,,,,,
append,332,2528803,,,,,,
append,333,3153904,,,,,,
append,334,3034603,,,,,,
append,335,2803504,,,,,,
append,336,2730103,,,,,,
append,337,2779003,,,,,,
append,338,2675103,,,,,,
append,339,2707904,,,,,,
append,340,2895303,,,,,,
append,341,2657403,,,,,,
append,342,2974204,,,,,,
append,343,2950503,,,,,,
append,344,2900903,,,,,,
append,345,2803604,,,,,,
append,346,2926703,,,,,,
append,347,2738303,,,,,,
append,348,2713704,,,,,,
append,349,2662603,,,,,,
append,350,2978503,,,,,,
append,351,2883804,,,,,,
append,352,2782303,,,,,,
append,353,2685203,,,,,,
append,354,2681203,,,,,,
append,355,2877304,,,,,,
append,356,2861903,,,,,,
append,357,2747703,,,,,,
append,358,2824804,,,,,,
append,359,2616103,,,,,,
append,360,3134803,,,,,,
append,361,2903304,,,,,,
append,362,2617303,,,,,,
append,363,2812303,,,,,,
append,364,2798203,,,,,,
append,365,2609603,,,,,,
append,366,2609103,,,,,,
append,367,2983704,,,,,,
append,368,2655103,,,,,,
append,369,2618403,,,,,,
append,370,2725103,,,,,,
append,371,2435803,,,,,,
append,372,2572703,,,,,,
append,373,2570403,,,,,,
append,374,2683703,,,,,,
append,375,2556903,,,,,,
append,376,2604004,,,,,,
append,377,2526903,,,,,,
append,378,2454102,,,,,,
append,379,2437203,,,,,,
append,380,2493003,,,,,,
append,381,2571403,,,,,,
append,382,2724803,,,,,,
append,383,2875104,,,,,,
append,384,2755603,,,,,,
append,385,2886203,,,,,,
append,386,2888704,,,,,,
append,387,3057003,,,,,,
append,388,2971404,,,,,,
append,389,2809703,,,,,,
append,390,2815704,,,,,,
append,391,3043203,,,,,,
append,392,2724503,,,,,,
append,393,2579803,,,,,,
append,394,2672204,,,,,,
append,395,2777803,,,,,,
append,396,2619403,,,,,,
append,397,2996903,,,,,,
append,398,2528903,,,,,,
append,399,2465503,,,,,,
append,400,2497303,,,,,,
append,401,2569103,,,,,,
append,402,2551603,,,,,,
append,403,2558303,,,,,,
append,404,2460103,,,,,,
append,405,2449403,,,,,,
append,406,2450603,,,,,,
append,407,2702803,,,,,,
append,408,2578903,,,,,,
append,409,2591603,,,,,,
append,410,2551503,,,,,,
append,411,2480603,,,,,,
append,412,2560403,,,,,,
append,413,2440303,,,,,,
append,414,2782303,,,,,,
append,415,2497703,,,,,,
append,416,2579103,,,,,,
append,417,2530303,,,,,,
append,418,2479503,,,,,,
append,419,3681004,,,,,,
append,420,2878204,,,,,,
append,421,2695603,,,,,,
append,422,2740403,,,,,,
append,423,2721203,,,,,,
append,424,2654004,,,,,,
append,425,2734503,,,,,,
append,426,2797203,,,,,,
append,427,2479103,,,,,,
append,428,2464303,,,,,,
append,429,2497103,,,,,,
append,430,2405403,,,,,,
append,431,2325902,,,,,,
append,432,2530603,,,,,,
append,433,2566303,,,,,,
append,434,2391603,,,,,,
append,435,2421203,,,,,,
append,436,2423503,,,,,,
append,437,2377403,,,,,,
append,438,2455003,,,,,,
append,439,2663103,,,,,,
append,440,2633003,,,,,,
append,441,2554303,,,,,,
append,442,2453103,,,,,,
append,443,2699503,,,,,,
append,444,2578003,,,,,,
append,445,2608803,,,,,,
append,446,2798103,,,,,,
append,447,2565003,,,,,,
append,448,2533403,,,,,,
append,449,2517103,,,,,,
append,450,2507503,,,,,,
append,451,2624003,,,,,,
append,452,2945604,,,,,,
append,453,2551703,,,,,,
append,454,2575403,,,,,,
append,455,3486804,,,,,,
append,456,2687803,,,,,,
append,457,2640403,,,,,,
append,458,2919303,,,,,,
append,459,2693304,,,,,,
append,460,2559803,,,,,,
append,461,2500903,,,,,,
append,462,2590303,,,,,,
append,463,2608403,,,,,,
append,464,2594603,,,,,,
append,465,2782003,,,,,,
append,466,2461703,,,,,,
append,467,2492403,,,,,,
append,468,2609303,,,,,,
append,469,2517403,,,,,,
append,470,2489303,,,,,,
append,471,3213004,,,,,,
append,472,2736303,,,,,,
append,473,2640703,,,,,,
append,474,2801903,,,,,,
append,475,2756003,,,,,,
append,476,2581003,,,,,,
append,477,2670603,,,,,,
append,478,2562103,,,,,,
append,479,2598403,,,,,,
append,480,2645603,,,,,,
append,481,2542103,,,,,,
append,482,2583903,,,,,,
append,483,2702403,,,,,,
append,484,2622003,,,,,,
append,485,2595603,,,,,,
append,486,2704203,,,,,,
append,487,2564303,,,,,,
append,488,2496003,,,,,,
append,489,2655203,,,,,,
append,490,2666904,,,,,,
append,491,2460602,,,,,,
append,492,2668804,,,,,,
append,493,2533403,,,,,,
append,494,2540103,,,,,,
append,495,2487302,,,,,,
append,496,2660004,,,,,,
append,497,2618403,,,,,,
append,498,2602503,,,,,,
append,499,2723603,,,,,,
append,500,2550603,,,,,,
append,501,2554803,,,,,,
append,502,2655203,,,,,,
append,503,2593603,,,,,,
append,504,2746603,,,,,,
append,505,2578903,,,,,,
append,506,2453803,,,,,,
append,507,2509703,,,,,,
append,508,2448903,,,,,,
append,509,2728803,,,,,,
append,510,2570503,,,,,,
append,511,2534003,,,,,,
append,512,2513603,,,,,,
append,513,2516503,,,,,,
append,514,2496303,,,,,,
append,515,2602003,,,,,,
append,516,2631203,,,,,,
append,517,2595303,,,,,,
append,518,2680704,,,,,,
append,519,2510602,,,,,,
append,520,2430703,,,,,,
append,521,2548603,,,,,,
append,522,2844604,,,,,,
append,523,2737403,,,,,,
append,524,2515603,,,,,,
append,525,2512303,,,,,,
append,526,2563403,,,,,,
append,527,2532203,,,,,,
append,528,2742503,,,,,,
append,529,3392504,,,,,,
append,530,3686004,,,,,,
append,531,2356603,,,,,,
append,532,2353603,,,,,,
append,533,2302503,,,,,,
append,534,2522003,,,,,,
append,535,2468602,,,,,,
append,536,2378703,,,,,,
append,537,2321803,,,,,,
append,538,2327803,,,,,,
append,539,2410703,,,,,,
append,540,2414802,,,,,,
append,541,2785504,,,,,,
append,542,2428403,,,,,,
append,543,2398302,,,,,,
append,544,2537803,,,,,,
append,545,2562103,,,,,,
append,546,2700004,,,,,,
append,547,2981103,,,,,,
append,548,2656003,,,,,,
append,549,2560203,,,,,,
append,550,2551303,,,,,,
append,551,2543303,,,,,,
append,552,2537703,,,,,,
append,553,2494603,,,,,,
append,554,2845403,,,,,,
append,555,2543103,,,,,,
append,556,2506103,,,,,,
append,557,2430603,,,,,,
append,558,2606703,,,,,,
append,559,2487803,,,,,,
append,560,2570803,,,,,,
append,561,2663603,,,,,,
append,562,2461303,,,,,,
append,563,2596803,,,,,,
append,564,2895504,,,,,,
append,565,2600903,,,,,,
append,566,2565503,,,,,,
append,567,2724303,,,,,,
append,568,2519703,,,,,,
append,569,2483303,,,,,,
append,570,2474703,,,,,,
append,571,2544603,,,,,,
append,572,2512203,,,,,,
append,573,2617203,,,,,,
append,574,2939403,,,,,,
append,575,2678803,,,,,,
append,576,2535103,,,,,,
append,577,2553503,,,,,,
append,578,2633504,,,,,,
append,579,2646003,,,,,,
append,580,2560203,,,,,,
append,581,2449603,,,,,,
append,582,2579703,,,,,,
append,583,2604003,,,,,,
append,584,2649003,,,,,,
append,585,2563903,,,,,,
append,586,2631703,,,,,,
append,587,2504903,,,,,,
append,588,2482103,,,,,,
append,589,2520303,,,,,,
append,590,2468303,,,,,,
append,591,2473002,,,,,,
append,592,2623404,,,,,,
append,593,2630903,,,,,,
append,594,2431703,,,,,,
append,595,2550103,,,,,,
append,596,2883603,,,,,,
append,597,2573403,,,,,,
append,598,2444403,,,,,,
append,599,2750003,,,,,,
append,600,2556803,,,,,,
append,601,2533103,,,,,,
append,602,2735603,,,,,,
append,603,2593003,,,,,,
append,604,2489803,,,,,,
append,605,2598103,,,,,,
append,606,2574503,,,,,,
append,607,2559203,,,,,,
append,608,2689803,,,,,,
append,609,2568304,,,,,,
append,610,2417102,,,,,,
append,611,2402803,,,,,,
append,612,2842504,,,,,,
append,613,2567403,,,,,,
append,614,2587103,,,,,,
append,615,2509603,,,,,,
append,616,2510002,,,,,,
append,617,2466103,,,,,,
append,618,2533003,,,,,,
append,619,2642303,,,,,,
append,620,2598204,,,,,,
append,621,2546403,,,,,,
append,622,2472302,,,,,,
append,623,2476003,,,,,,
append,624,2435703,,,,,,
append,625,2668703,,,,,,
append,626,2587603,,,,,,
append,627,2476003,,,,,,
append,628,2466203,,,,,,
append,629,2468803,,,,,,
append,630,2527103,,,,,,
append,631,2508703,,,,,,
append,632,2684403,,,,,,
append,633,2669003,,,,,,
append,634,2490403,,,,,,
append,635,2340603,,,,,,
append,636,2341103,,,,,,
append,637,2405303,,,,,,
append,638,2367102,,,,,,
append,639,2433503,,,,,,
append,640,2288303,,,,,,
append,641,2307503,,,,,,
append,642,2334502,,,,,,
append,643,2326703,,,,,,
append,644,2308303,,,,,,
append,645,2399003,,,,,,
append,646,2633103,,,,,,
append,647,2485803,,,,,,
append,648,2383302,,,,,,
append,649,2343603,,,,,,
append,650,2407103,,,,,,
append,651,2385403,,,,,,
append,652,2779003,,,,,,
append,653,2622903,,,,,,
append,654,2773003,,,,,,
append,655,2609204,,,,,,
append,656,2374902,,,,,,
append,657,2420903,,,,,,
append,658,2352803,,,,,,
append,659,2651303,,,,,,
append,660,2580103,,,,,,
append,661,2342403,,,,,,
append,662,2365703,,,,,,
append,663,2370602,,,,,,
append,664,2387503,,,,,,
append,665,2601903,,,,,,
append,666,2677703,,,,,,
append,667,2390603,,,,,,
append,668,2402003,,,,,,
append,669,2334803,,,,,,
append,670,2385903,,,,,,
append,671,2353302,,,,,,
append,672,2401303,,,,,,
append,673,2489403,,,,,,
append,674,2338703,,,,,,
append,675,2360903,,,,,,
append,676,2355302,,,,,,
append,677,2304803,,,,,,
append,678,2338703,,,,,,
append,679,2387903,,,,,,
append,680,2470003,,,,,,
append,681,2375302,,,,,,
append,682,2368103,,,,,,
append,683,2367403,,,,,,
append,684,2343703,,,,,,
append,685,2487303,,,,,,
append,686,2547603,,,,,,
append,687,2505703,,,,,,
append,688,2430002,,,,,,
append,689,2346003,,,,,,
append,690,2294503,,,,,,
append,691,2408403,,,,,,
append,692,2473303,,,,,,
append,693,2534403,,,,,,
append,694,2536903,,,,,,
append,695,2393102,,,,,,
append,696,2601804,,,,,,
append,697,2451802,,,,,,
append,698,2381503,,,,,,
append,699,2282903,,,,,,
append,700,2790403,,,,,,
append,701,2405403,,,,,,
append,702,2416503,,,,,,
append,703,2345303,,,,,,
append,704,2395902,,,,,,
append,705,2412503,,,,,,
append,706,2312303,,,,,,
append,707,2491003,,,,,,
append,708,2403303,,,,,,
append,709,2353703,,,,,,
append,710,2307702,,,,,,
append,711,2456203,,,,,,
append,712,2546003,,,,,,
append,713,2414003,,,,,,
append,714,2764603,,,,,,
append,715,2452203,,,,,,
append,716,2464303,,,,,,
append,717,2612903,,,,,,
append,718,2498103,,,,,,
append,719,2641503,,,,,,
append,720,2690803,,,,,,
append,721,2460203,,,,,,
append,722,2422103,,,,,,
append,723,2384703,,,,,,
append,724,2666303,,,,,,
append,725,2783603,,,,,,
append,726,2581503,,,,,,
append,727,2581603,,,,,,
append,728,2381303,,,,,,
append,729,2601903,,,,,,
append,730,2412803,,,,,,
append,731,2380603,,,,,,
append,732,2366903,,,,,,
append,733,2411602,,,,,,
append,734,2445803,,,,,,
append,735,2417803,,,,,,
append,736,2515403,,,,,,
append,737,2490103,,,,,,
append,738,2359903,,,,,,
append,739,2413703,,,,,,
append,740,2569703,,,,,,
append,741,2448303,,,,,,
append,742,2436302,,,,,,
append,743,2511803,,,,,,
append,744,2669103,,,,,,
append,745,2551503,,,,,,
append,746,2530603,,,,,,
append,747,2562003,,,,,,
append,748,2600404,,,,,,
append,749,2521702,,,,,,
append,750,2446403,,,,,,
append,751,2463103,,,,,,
append,752,2461903,,,,,,
append,753,2583103,,,,,,
append,754,2760003,,,,,,
append,755,2576303,,,,,,
append,756,2573303,,,,,,
append,757,2467603,,,,,,
append,758,2527203,,,,,,
append,759,2492103,,,,,,
append,760,2664503,,,,,,
append,761,2468603,,,,,,
append,762,2380403,,,,,,
append,763,2421503,,,,,,
append,764,2428303,,,,,,
append,765,2391903,,,,,,
append,766,2395602,,,,,,
append,767,2867004,,,,,,
append,768,2615303,,,,,,
append,769,2444003,,,,,,
append,770,2411503,,,,,,
append,771,2539203,,,,,,
append,772,2413102,,,,,,
append,773,2447503,,,,,,
append,774,2789704,,,,,,
append,775,2759203,,,,,,
append,776,2589703,,,,,,
append,777,2508403,,,,,,
append,778,2465803,,,,,,
append,779,2522403,,,,,,
append,780,2965703,,,,,,
append,781,2544003,,,,,,
append,782,2461503,,,,,,
append,783,2426603,,,,,,
append,784,2442103,,,,,,
append,785,2429003,,,,,,
append,786,2750903,,,,,,
append,787,2663003,,,,,,
append,788,2442803,,,,,,
append,789,2522903,,,,,,
append,790,2458103,,,,,,
append,791,2407803,,,,,,
append,792,2530703,,,,,,
append,793,2949403,,,,,,
append,794,2353103,,,,,,
append,795,2392403,,,,,,
append,796,2337102,,,,,,
append,797,2351903,,,,,,
append,798,2311403,,,,,,
append,799,2321303,,,,,,
append,800,2508503,,,,,,
append,801,2331102,,,,,,
append,802,2373503,,,,,,
append,803,2413203,,,,,,
append,804,2297303,,,,,,
append,805,2324502,,,,,,
append,806,2327203,,,,,,
append,807,2682703,,,,,,
append,808,2294203,,,,,,
append,809,2304903,,,,,,
append,810,2333602,,,,,,
append,811,2279503,,,,,,
append,812,2605203,,,,,,
append,813,2347203,,,,,,
append,814,2441503,,,,,,
append,815,2314202,,,,,,
append,816,2298603,,,,,,
append,817,2340603,,,,,,
append,818,2355803,,,,,,
append,819,2479803,,,,,,
append,820,2380702,,,,,,
append,821,2538903,,,,,,
append,822,2503503,,,,,,
append,823,2431103,,,,,,
append,824,2367603,,,,,,
append,825,2387203,,,,,,
append,826,2336503,,,,,,
append,827,2293502,,,,,,
append,828,2539603,,,,,,
append,829,2315903,,,,,,
append,830,2305503,,,,,,
append,831,2394902,,,,,,
append,832,2353203,,,,,,
append,833,2339403,,,,,,
append,834,2330503,,,,,,
append,835,2446503,,,,,,
append,836,2363202,,,,,,
append,837,2429003,,,,,,
append,838,2368603,,,,,,
append,839,2432903,,,,,,
append,840,2328203,,,,,,
append,841,2261202,,,,,,
append,842,2396903,,,,,,
append,843,2314103,,,,,,
append,844,2274203,,,,,,
append,845,2416302,,,,,,
append,846,2314603,,,,,,
append,847,2300503,,,,,,
append,848,2284302,,,,,,
append,849,2584704,,,,,,
append,850,2257102,,,,,,
append,851,2264003,,,,,,
append,852,2396903,,,,,,
append,853,2376802,,,,,,
append,854,2468503,,,,,,
append,855,2285003,,,,,,
append,856,2479703,,,,,,
append,857,2325003,,,,,,
append,858,2391503,,,,,,
append,859,2316802,,,,,,
append,860,2317003,,,,,,
append,861,2295803,,,,,,
append,862,2366302,,,,,,
append,863,2472903,,,,,,
append,864,2369703,,,,,,
append,865,2450403,,,,,,
append,866,2374903,,,,,,
append,867,2344403,,,,,,
append,868,2559903,,,,,,
append,869,2616603,,,,,,
append,870,3246903,,,,,,
append,871,2601304,,,,,,
append,872,2514102,,,,,,
append,873,2556804,,,,,,
append,874,2687203,,,,,,
append,875,2723703,,,,,,
append,876,2820303,,,,,,
append,877,2626603,,,,,,
append,878,2643903,,,,,,
append,879,2537803,,,,,,
append,880,2605503,,,,,,
append,881,2691304,,,,,,
append,882,2705203,,,,,,
append,883,2652403,,,,,,
append,884,2535903,,,,,,
append,885,2504803,,,,,,
append,886,2594003,,,,,,
append,887,2775403,,,,,,
append,888,2653903,,,,,,
append,889,2736603,,,,,,
append,890,2629504,,,,,,
append,891,2498503,,,,,,
append,892,2498502,,,,,,
append,893,2493503,,,,,,
append,894,2465803,,,,,,
append,895,3004704,,,,,,
append,896,2736903,,,,,,
append,897,2569803,,,,,,
append,898,2549203,,,,,,
append,899,2563703,,,,,,
append,900,2519103,,,,,,
append,901,2836903,,,,,,
append,902,2667704,,,,,,
append,903,2536402,,,,,,
append,904,2474003,,,,,,
append,905,2472803,,,,,,
append,906,2448703,,,,,,
append,907,2486903,,,,,,
append,908,2591703,,,,,,
append,909,2375303,,,,,,
append,910,2597303,,,,,,
append,911,2483103,,,,,,
append,912,2426303,,,,,,
append,913,2410903,,,,,,
append,914,2645603,,,,,,
append,915,2504503,,,,,,
append,916,2415303,,,,,,
append,917,2516802,,,,,,
append,918,2416303,,,,,,
append,919,2410803,,,,,,
append,920,2458703,,,,,,
append,921,2512103,,,,,,
append,922,2500303,,,,,,
append,923,2435303,,,,,,
append,924,2372903,,,,,,
append,925,2364502,,,,,,
append,926,2339403,,,,,,
append,927,2398603,,,,,,
append,928,7699009,,,,,,
append,929,2511103,,,,,,
append,930,2292303,,,,,,
append,931,2622403,,,,,,
append,932,3264704,,,,,,
append,933,2442602,,,,,,
append,934,2402003,,,,,,
append,935,2749904,,,,,,
append,936,2424102,,,,,,
append,937,2448803,,,,,,
append,938,2319803,,,,,,
append,939,2433103,,,,,,
append,940,2613403,,,,,,
append,941,2513703,,,,,,
append,942,2457403,,,,,,
append,943,2470603,,,,,,
append,944,2413402,,,,,,
append,945,2432603,,,,,,
append,946,2513203,,,,,,
append,947,2599303,,,,,,
append,948,2504903,,,,,,
append,949,2532203,,,,,,
append,950,2785104,,,,,,
append,951,2590503,,,,,,
append,952,2622803,,,,,,
append,953,2551503,,,,,,
append,954,2444303,,,,,,
append,955,2445402,,,,,,
append,956,2457203,,,,,,
append,957,2493103,,,,,,
append,958,2475203,,,,,,
append,959,2800303,,,,,,
append,960,2473703,,,,,,
append,961,2509603,,,,,,
append,962,2508103,,,,,,
append,963,2447903,,,,,,
append,964,2436803,,,,,,
append,965,2437303,,,,,,
append,966,2576203,,,,,,
append,967,2402303,,,,,,
append,968,2568503,,,,,,
append,969,2649303,,,,,,
append,970,2435203,,,,,,
append,971,2406503,,,,,,
append,972,2616403,,,,,,
append,973,2633903,,,,,,
append,974,2863803,,,,,,
append,975,2659903,,,,,,
append,976,2445103,,,,,,
append,977,2503303,,,,,,
append,978,2600303,,,,,,
append,979,2659703,,,,,,
append,980,2502203,,,,,,
append,981,2526103,,,,,,
append,982,2445103,,,,,,
append,983,2441603,,,,,,
append,984,2421803,,,,,,
append,985,2665503,,,,,,
append,986,2553003,,,,,,
append,987,2567003,,,,,,
append,988,2586403,,,,,,
append,989,2468903,,,,,,
append,990,2503903,,,,,,
append,991,2448203,,,,,,
append,992,2709603,,,,,,
append,993,2564403,,,,,,
append,994,2538703,,,,,,
append,995,2429503,,,,,,
append,996,2417803,,,,,,
append,997,2588903,,,,,,
append,998,2507603,,,,,,
append,999,2663103,,,,,,
append,1000,2523503,,,,,,
append,1001,2483803,,,,,,
append,1002,2487203,,,,,,
append,1003,2417702,,,,,,
append,1004,2446303,,,,,,
append,1005,2622603,,,,,,
append,1006,2626103,,,,,,
append,1007,2513403,,,,,,
append,1008,2525003,,,,,,
append,1009,2458403,,,,,,
append,1010,2533903,,,,,,
append,1011,2458003,,,,,,
append,1012,2632103,,,,,,
append,1013,2486903,,,,,,
append,1014,2432403,,,,,,
append,1015,2461503,,,,,,
append,1016,2424403,,,,,,
append,1017,2440703,,,,,,
append,1018,2573503,,,,,,
append,1019,2818703,,,,,,
append,1020,2596703,,,,,,
append,1021,2526103,,,,,,
append,1022,2527903,,,,,,
append,1023,2484503,,,,,,
append,1024,2508803,,,,,,
append,1025,3154204,,,,,,
append,1026,2534902,,,,,,
append,1027,2482103,,,,,,
append,1028,2448803,,,,,,
append,1029,2489703,,,,,,
append,1030,2492503,,,,,,
append,1031,2640503,,,,,,
append,1032,2511603,,,,,,
append,1033,2508503,,,,,,
append,1034,2562803,,,,,,
append,1035,2482803,,,,,,
append,1036,2651303,,,,,,
append,1037,2568903,,,,,,
append,1038,2863404,,,,,,
append,1039,2548703,,,,,,
append,1040,2480203,,,,,,
append,1041,2448802,,,,,,
append,1042,2400103,,,,,,
append,1043,2509503,,,,,,
append,1044,2550503,,,,,,
append,1045,2583703,,,,,,
append,1046,2437803,,,,,,
append,1047,2449903,,,,,,
append,1048,2480503,,,,,,
append,1049,2529303,,,,,,
append,1050,2438703,,,,,,
append,1051,2562703,,,,,,
append,1052,2503603,,,,,,
append,1053,2665203,,,,,,
append,1054,2445403,,,,,,
append,1055,2440103,,,,,,
append,1056,2556503,,,,,,
append,1057,2742403,,,,,,
append,1058,2576003,,,,,,
append,1059,2445703,,,,,,
append,1060,2422403,,,,,,
append,1061,2436902,,,,,,
append,1062,2728004,,,,,,
append,1063,2458903,,,,,,
append,1064,2540902,,,,,,
append,1065,2486903,,,,,,
append,1066,2488403,,,,,,
append,1067,2469903,,,,,,
append,1068,2607303,,,,,,
append,1069,2490503,,,,,,
append,1070,2422203,,,,,,
append,1071,2681403,,,,,,
append,1072,2430003,,,,,,
append,1073,2570603,,,,,,
append,1074,2665503,,,,,,
append,1075,2586903,,,,,,
append,1076,2627903,,,,,,
append,1077,2631103,,,,,,
append,1078,2513003,,,,,,
append,1079,2402603,,,,,,
append,1080,2550103,,,,,,
append,1081,2450603,,,,,,
append,1082,2435003,,,,,,
append,1083,2380103,,,,,,
append,1084,2716203,,,,,,
append,1085,2502803,,,,,,
append,1086,2566003,,,,,,
append,1087,2724203,,,,,,
append,1088,2458603,,,,,,
append,1089,2559303,,,,,,
append,1090,2714803,,,,,,
append,1091,2598803,,,,,,
append,1092,2437703,,,,,,
append,1093,2752203,,,,,,
append,1094,2557203,,,,,,
append,1095,2432003,,,,,,
append,1096,2421303,,,,,,
append,1097,2735603,,,,,,
append,1098,2486603,,,,,,
append,1099,2600103,,,,,,
append,1100,2478603,,,,,,
append,1101,2441103,,,,,,
append,1102,2374703,,,,,,
append,1103,2565403,,,,,,
append,1104,2616803,,,,,,
append,1105,2526103,,,,,,
append,1106,2719603,,,,,,
append,1107,2487303,,,,,,
append,1108,2545503,,,,,,
append,1109,2455103,,,,,,
append,1110,2676203,,,,,,
append,1111,2468003,,,,,,
append,1112,2608403,,,,,,
append,1113,2482603,,,,,,
append,1114,2439503,,,,,,
append,1115,2429603,,,,,,
append,1116,2463403,,,,,,
append,1117,2553903,,,,,,
append,1118,2489303,,,,,,
append,1119,2497103,,,,,,
append,1120,2461302,,,,,,
append,1121,2414603,,,,,,
append,1122,2438803,,,,,,
append,1123,2430703,,,,,,
append,1124,2635503,,,,,,
append,1125,2533903,,,,,,
append,1126,2577003,,,,,,
append,1127,2500903,,,,,,
append,1128,2444303,,,,,,
append,1129,2417703,,,,,,
append,1130,2581603,,,,,,
append,1131,2489103,,,,,,
append,1132,2425703,,,,,,
append,1133,2422802,,,,,,
append,1134,2446403,,,,,,
append,1135,2573503,,,,,,
append,1136,2594303,,,,,,
append,1137,2888404,,,,,,
append,1138,2539103,,,,,,
append,1139,2447403,,,,,,
append,1140,2448503,,,,,,
append,1141,2435202,,,,,,
append,1142,2404403,,,,,,
append,1143,2598803,,,,,,
append,1144,2665703,,,,,,
append,1145,2420703,,,,,,
append,1146,2516603,,,,,,
append,1147,2476803,,,,,,
append,1148,2464203,,,,,,
append,1149,2447003,,,,,,
append,1150,2610503,,,,,,
append,1151,2426403,,,,,,
append,1152,2461803,,,,,,
append,1153,2428103,,,,,,
append,1154,2472502,,,,,,
append,1155,2529203,,,,,,
append,1156,2711204,,,,,,
append,1157,2785103,,,,,,
append,1158,2509403,,,,,,
append,1159,2478003,,,,,,
append,1160,2441503,,,,,,
append,1161,2432603,,,,,,
append,1162,2424202,,,,,,
append,1163,2593303,,,,,,
append,1164,2427603,,,,,,
append,1165,2404803,,,,,,
append,1166,2420303,,,,,,
append,1167,2465603,,,,,,
append,1168,2593703,,,,,,
append,1169,2514603,,,,,,
append,1170,2820003,,,,,,
append,1171,2734903,,,,,,
append,1172,2552503,,,,,,
append,1173,2570603,,,,,,
append,1174,2587603,,,,,,
append,1175,2501103,,,,,,
append,1176,2656904,,,,,,
append,1177,2490102,,,,,,
append,1178,2427403,,,,,,
append,1179,2497903,,,,,,
append,1180,2500203,,,,,,
append,1181,2570603,,,,,,
append,1182,2433203,,,,,,
append,1183,2728303,,,,,,
append,1184,2487503,,,,,,
append,1185,2489403,,,,,,
append,1186,2582303,,,,,,
append,1187,2539203,,,,,,
append,1188,2482103,,,,,,
append,1189,2527003,,,,,,
append,1190,2736703,,,,,,
append,1191,2657003,,,,,,
append,1192,2438303,,,,,,
append,1193,2681103,,,,,,
append,1194,2549103,,,,,,
append,1195,2404403,,,,,,
append,1196,2806904,,,,,,
append,1197,2433502,,,,,,
append,1198,2469103,,,,,,
append,1199,2546703,,,,,,
append,1200,2453503,,,,,,
append,1201,2725203,,,,,,
append,1202,2547703,,,,,,
append,1203,2536403,,,,,,
append,1204,2480903,,,,,,
append,1205,2682703,,,,,,
append,1206,2551503,,,,,,
append,1207,2521103,,,,,,
append,1208,2457203,,,,,,
append,1209,2898404,,,,,,
append,1210,2586503,,,,,,
append,1211,2504003,,,,,,
append,1212,2591403,,,,,,
append,1213,2573803,,,,,,
append,1214,2487703,,,,,,
append,1215,2679503,,,,,,
append,1216,2638403,,,,,,
append,1217,2467403,,,,,,
append,1218,2580303,,,,,,
append,1219,2475203,,,,,,
append,1220,2477603,,,,,,
append,1221,2527903,,,,,,
append,1222,2808603,,,,,,
append,1223,2633603,,,,,,
append,1224,2562003,,,,,,
append,1225,2516803,,,,,,
append,1226,2496903,,,,,,
append,1227,2625503,,,,,,
append,1228,2670003,,,,,,
append,1229,2578403,,,,,,
append,1230,2639103,,,,,,
append,1231,2646503,,,,,,
append,1232,2536103,,,,,,
append,1233,2461503,,,,,,
append,1234,2515903,,,,,,
append,1235,2603503,,,,,,
append,1236,2571403,,,,,,
append,1237,2494003,,,,,,
append,1238,2476303,,,,,,
append,1239,2455603,,,,,,
append,1240,2455803,,,,,,
append,1241,2625103,,,,,,
append,1242,2686003,,,,,,
append,1243,2539303,,,,,,
append,1244,2489103,,,,,,
append,1245,2474203,,,,,,
append,1246,2547803,,,,,,
append,1247,2459703,,,,,,
append,1248,2862903,,,,,,
append,1249,2512803,,,,,,
append,1250,2481003,,,,,,
append,1251,2431903,,,,,,
append,1252,2434203,,,,,,
append,1253,2407703,,,,,,
append,1254,2555903,,,,,,
append,1255,2906603,,,,,,
append,1256,2471103,,,,,,
append,1257,2504203,,,,,,
append,1258,2396703,,,,,,
append,1259,2502203,,,,,,
append,1260,2450403,,,,,,
append,1261,2837803,,,,,,
append,1262,2608403,,,,,,
append,1263,2437103,,,,,,
append,1264,2429803,,,,,,
append,1265,2426303,,,,,,
append,1266,2451003,,,,,,
append,1267,2587003,,,,,,
append,1268,2541503,,,,,,
append,1269,2513003,,,,,,
append,1270,2473002,,,,,,
append,1271,2456203,,,,,,
append,1272,2443003,,,,,,
append,1273,2534003,,,,,,
append,1274,2701103,,,,,,
append,1275,2500503,,,,,,
append,1276,2403703,,,,,,
append,1277,2426703,,,,,,
append,1278,2412303,,,,,,
append,1279,2512203,,,,,,
append,1280,2542903,,,,,,
append,1281,2612103,,,,,,
append,1282,2488403,,,,,,
append,1283,2474303,,,,,,
append,1284,2473103,,,,,,
append,1285,2422702,,,,,,
append,1286,2541303,,,,,,
append,1287,2421503,,,,,,
append,1288,2555203,,,,,,
append,1289,2434703,,,,,,
append,1290,2425903,,,,,,
append,1291,2437703,,,,,,
append,1292,2439603,,,,,,
append,1293,2458303,,,,,,
append,1294,2584203,,,,,,
append,1295,2548403,,,,,,
append,1296,2579203,,,,,,
append,1297,2535803,,,,,,
append,1298,2485603,,,,,,
append,1299,2708303,,,,,,
append,1300,2397203,,,,,,
append,1301,2553103,,,,,,
append,1302,2323502,,,,,,
append,1303,2315503,,,,,,
append,1304,2358303,,,,,,
append,1305,2454503,,,,,,
append,1306,2311502,,,,,,
append,1307,2301003,,,,,,
append,1308,2381003,,,,,,
append,1309,2344703,,,,,,
append,1310,2283502,,,,,,
append,1311,2414303,,,,,,
append,1312,2386303,,,,,,
append,1313,2332103,,,,,,
append,1314,2332803,,,,,,
append,1315,2503602,,,,,,
append,1316,2373103,,,,,,
append,1317,2307803,,,,,,
append,1318,2833303,,,,,,
append,1319,2351503,,,,,,
append,1320,2299103,,,,,,
append,1321,2223802,,,,,,
append,1322,2388603,,,,,,
append,1323,2307903,,,,,,
append,1324,2283503,,,,,,
append,1325,2323302,,,,,,
append,1326,2294003,,,,,,
append,1327,2292203,,,,,,
append,1328,2264302,,,,,,
append,1329,2454303,,,,,,
append,1330,2369403,,,,,,
append,1331,2415003,,,,,,
append,1332,2359703,,,,,,
append,1333,2276202,,,,,,
append,1334,2270303,,,,,,
append,1335,2284403,,,,,,
append,1336,2561203,,,,,,
append,1337,2455703,,,,,,
append,1338,2606003,,,,,,
append,1339,2998703,,,,,,
append,1340,3479604,,,,,,
append,1341,2523903,,,,,,
append,1342,2668103,,,,,,
append,1343,2452403,,,,,,
append,1344,2541903,,,,,,
append,1345,2516003,,,,,,
append,1346,2431003,,,,,,
append,1347,2379103,,,,,,
append,1348,2453103,,,,,,
append,1349,2555203,,,,,,
append,1350,2671003,,,,,,
append,1351,2511503,,,,,,
append,1352,2447803,,,,,,
append,1353,2399303,,,,,,
append,1354,2432102,,,,,,
append,1355,2593803,,,,,,
append,1356,2638204,,,,,,
append,1357,2512403,,,,,,
append,1358,2430702,,,,,,
append,1359,2391003,,,,,,
append,1360,2542703,,,,,,
append,1361,2404703,,,,,,
append,1362,2532403,,,,,,
append,1363,2701103,,,,,,
append,1364,2585603,,,,,,
append,1365,2567103,,,,,,
append,1366,2426603,,,,,,
append,1367,2406503,,,,,,
append,1368,2438203,,,,,,
append,1369,2983703,,,,,,
append,1370,2765704,,,,,,
append,1371,2533903,,,,,,
append,1372,2447802,,,,,,
append,1373,2354803,,,,,,
append,1374,2283403,,,,,,
append,1375,2421003,,,,,,
append,1376,2403803,,,,,,
append,1377,2269502,,,,,,
append,1378,2436803,,,,,,
append,1379,2275203,,,,,,
append,1380,2330702,,,,,,
append,1381,2275903,,,,,,
append,1382,2530003,,,,,,
append,1383,2412303,,,,,,
append,1384,2453403,,,,,,
append,1385,2323903,,,,,,
append,1386,2286302,,,,,,
append,1387,2291703,,,,,,
append,1388,2302703,,,,,,
append,1389,2452103,,,,,,
append,1390,2521203,,,,,,
append,1391,2297102,,,,,,
append,1392,2310703,,,,,,
append,1393,2243203,,,,,,
append,1394,2243702,,,,,,
append,1395,2358803,,,,,,
append,1396,2387603,,,,,,
append,1397,2395303,,,,,,
append,1398,2313302,,,,,,
append,1399,2294303,,,,,,
append,1400,2253603,,,,,,
append,1401,2238802,,,,,,
append,1402,2418003,,,,,,
append,1403,2299703,,,,,,
append,1404,2446903,,,,,,
append,1405,2290202,,,,,,
append,1406,2312303,,,,,,
append,1407,2273503,,,,,,
append,1408,2260602,,,,,,
append,1409,2389302,,,,,,
append,1410,2298903,,,,,,
append,1411,2404503,,,,,,
append,1412,2400103,,,,,,
append,1413,2257802,,,,,,
append,1414,2327003,,,,,,
append,1415,2225303,,,,,,
append,1416,2301502,,,,,,
append,1417,2288203,,,,,,
append,1418,2439703,,,,,,
append,1419,2476803,,,,,,
append,1420,2403103,,,,,,
append,1421,2311102,,,,,,
append,1422,2297903,,,,,,
append,1423,2298303,,,,,,
append,1424,2281902,,,,,,
append,1425,2361203,,,,,,
append,1426,2389503,,,,,,
append,1427,2272803,,,,,,
append,1428,2312902,,,,,,
append,1429,2304403,,,,,,
append,1430,2281903,,,,,,
append,1431,2270803,,,,,,
append,1432,2293002,,,,,,
append,1433,2306403,,,,,,
append,1434,2240003,,,,,,
append,1435,2294202,,,,,,
append,1436,2335903,,,,,,
append,1437,2339303,,,,,,
append,1438,2414703,,,,,,
append,1439,2477403,,,,,,
append,1440,2593303,,,,,,
append,1441,2389402,,,,,,
append,1442,2468003,,,,,,
append,1443,2484303,,,,,,
append,1444,2379503,,,,,,
append,1445,2378003,,,,,,
append,1446,2419003,,,,,,
append,1447,2463003,,,,,,
append,1448,2371302,,,,,,
append,1449,2412703,,,,,,
append,1450,2371703,,,,,,
append,1451,2370703,,,,,,
append,1452,2362603,,,,,,
append,1453,2493702,,,,,,
append,1454,2547503,,,,,,
append,1455,2399903,,,,,,
append,1456,2501803,,,,,,
append,1457,2348003,,,,,,
append,1458,2363203,,,,,,
append,1459,2343503,,,,,,
append,1460,2517102,,,,,,
append,1461,2569403,,,,,,
append,1462,2430103,,,,,,
append,1463,2453003,,,,,,
append,1464,2328503,,,,,,
append,1465,2273003,,,,,,
append,1466,2278602,,,,,,
append,1467,2461803,,,,,,
append,1468,2373003,,,,,,
append,1469,2326603,,,,,,
append,1470,2410903,,,,,,
append,1471,2468502,,,,,,
append,1472,2459003,,,,,,
append,1473,2406303,,,,,,
append,1474,2578003,,,,,,
append,1475,2631203,,,,,,
append,1476,2343803,,,,,,
append,1477,2349003,,,,,,
append,1478,2414703,,,,,,
append,1479,2320902,,,,,,
append,1480,2294803,,,,,,
append,1481,2389703,,,,,,
append,1482,2570603,,,,,,
append,1483,2451903,,,,,,
append,1484,2371403,,,,,,
append,1485,2304802,,,,,,
append,1486,2337503,,,,,,
append,1487,2375203,,,,,,
append,1488,2599803,,,,,,
append,1489,2397203,,,,,,
append,1490,2326803,,,,,,
append,1491,2330602,,,,,,
append,1492,2378303,,,,,,
append,1493,2334003,,,,,,
append,1494,2297103,,,,,,
append,1495,2594303,,,,,,
append,1496,2497202,,,,,,
append,1497,2481203,,,,,,
append,1498,2478903,,,,,,
append,1499,2442403,,,,,,
append,1500,2441703,,,,,,
append,1501,2666603,,,,,,
append,1502,2858304,,,,,,
append,1503,2556403,,,,,,
append,1504,2622403,,,,,,
append,1505,2484103,,,,,,
append,1506,2525103,,,,,,
append,1507,2918503,,,,,,
append,1508,2568603,,,,,,
append,1509,2477303,,,,,,
append,1510,2475703,,,,,,
append,1511,2428703,,,,,,
append,1512,2424203,,,,,,
append,1513,2561803,,,,,,
append,1514,2508402,,,,,,
append,1515,2571804,,,,,,
append,1516,2433302,,,,,,
append,1517,2488103,,,,,,
append,1518,2477603,,,,,,
append,1519,2414403,,,,,,
append,1520,2854403,,,,,,
append,1521,3336704,,,,,,
append,1522,2553603,,,,,,
append,1523,2598403,,,,,,
append,1524,2487403,,,,,,
append,1525,2525503,,,,,,
append,1526,2801804,,,,,,
append,1527,2933303,,,,,,
append,1528,2608703,,,,,,
append,1529,2723803,,,,,,
append,1530,2687803,,,,,,
append,1531,2669504,,,,,,
append,1532,2715103,,,,,,
append,1533,2692803,,,,,,
append,1534,2645003,,,,,,
append,1535,2500103,,,,,,
append,1536,2523803,,,,,,
append,1537,2515303,,,,,,
append,1538,2762503,,,,,,
append,1539,2614403,,,,,,
append,1540,2716203,,,,,,
append,1541,2491503,,,,,,
append,1542,2715304,,,,,,
append,1543,2620403,,,,,,
append,1544,2838203,,,,,,
append,1545,2583703,,,,,,
append,1546,2671503,,,,,,
append,1547,2592403,,,,,,
append,1548,2610703,,,,,,
append,1549,2542503,,,,,,
append,1550,2726304,,,,,,
append,1551,2581003,,,,,,
append,1552,2749303,,,,,,
append,1553,2664203,,,,,,
append,1554,2582803,,,,,,
append,1555,2675503,,,,,,
append,1556,2920804,,,,,,
append,1557,2856103,,,,,,
append,1558,2677703,,,,,,
append,1559,2701803,,,,,,
append,1560,2631403,,,,,,
append,1561,2637603,,,,,,
append,1562,2624304,,,,,,
append,1563,2563703,,,,,,
append,1564,2547503,,,,,,
append,1565,2855003,,,,,,
append,1566,2578503,,,,,,
append,1567,2768603,,,,,,
append,1568,2670103,,,,,,
append,1569,2595903,,,,,,
append,1570,2607403,,,,,,
append,1571,2736004,,,,,,
append,1572,2811603,,,,,,
append,1573,2955703,,,,,,
append,1574,2774504,,,,,,
append,1575,2617303,,,,,,
append,1576,2587403,,,,,,
append,1577,2870603,,,,,,
append,1578,2819404,,,,,,
append,1579,2737903,,,,,,
append,1580,2596503,,,,,,
append,1581,2542203,,,,,,
append,1582,2521503,,,,,,
append,1583,2806603,,,,,,
append,1584,2786803,,,,,,
append,1585,2935904,,,,,,
append,1586,2659903,,,,,,
append,1587,2616303,,,,,,
append,1588,2610703,,,,,,
append,1589,2654103,,,,,,
append,1590,2940904,,,,,,
append,1591,2626403,,,,,,
append,1592,2626403,,,,,,
append,1593,2546203,,,,,,
append,1594,2536303,,,,,,
append,1595,2778103,,,,,,
append,1596,2843303,,,,,,
append,1597,3021004,,,,,,
append,1598,2653203,,,,,,
append,1599,2558603,,,,,,
append,1600,2589803,,,,,,
append,1601,2590903,,,,,,
append,1602,2968504,,,,,,
append,1603,2696403,,,,,,
append,1604,2688403,,,,,,
append,1605,2670303,,,,,,
append,1606,2740303,,,,,,
append,1607,2587803,,,,,,
append,1608,2994204,,,,,,
append,1609,2710303,,,,,,
append,1610,2650103,,,,,,
append,1611,2616703,,,,,,
append,1612,2622703,,,,,,
append,1613,2818604,,,,,,
append,1614,3234704,,,,,,
append,1615,2754003,,,,,,
append,1616,2745303,,,,,,
append,1617,2624803,,,,,,
append,1618,2669703,,,,,,
append,1619,2592003,,,,,,
append,1620,2684803,,,,,,
append,1621,2560203,,,,,,
append,1622,2602603,,,,,,
append,1623,2517003,,,,,,
append,1624,2515803,,,,,,
append,1625,2514003,,,,,,
append,1626,2684204,,,,,,
append,1627,2779703,,,,,,
append,1628,2498703,,,,,,
append,1629,2640103,,,,,,
append,1630,2562603,,,,,,
append,1631,2693403,,,,,,
append,1632,2633703,,,,,,
append,1633,3133204,,,,,,
append,1634,2677003,,,,,,
append,1635,2682903,,,,,,
append,1636,2509403,,,,,,
append,1637,2538403,,,,,,
append,1638,2501803,,,,,,
append,1639,2677603,,,,,,
append,1640,2502403,,,,,,
append,1641,2512103,,,,,,
append,1642,2481603,,,,,,
append,1643,2613503,,,,,,
append,1644,2750203,,,,,,
append,1645,2563703,,,,,,
append,1646,2956104,,,,,,
append,1647,2573903,,,,,,
append,1648,2464303,,,,,,
append,1649,2541903,,,,,,
append,1650,2652403,,,,,,
append,1651,2665103,,,,,,
append,1652,2806103,,,,,,
append,1653,2528103,,,,,,
append,1654,2466903,,,,,,
append,1655,2507503,,,,,,
append,1656,2476103,,,,,,
append,1657,2455403,,,,,,
append,1658,2856703,,,,,,
append,1659,2659903,,,,,,
append,1660,2554803,,,,,,
append,1661,2749804,,,,,,
append,1662,2907603,,,,,,
append,1663,2693703,,,,,,
append,1664,2857003,,,,,,
append,1665,2689403,,,,,,
append,1666,2546703,,,,,,
append,1667,2689403,,,,,,
append,1668,2754403,,,,,,
append,1669,2601603,,,,,,
append,1670,2580903,,,,,,
append,1671,2739003,,,,,,
append,1672,2735104,,,,,,
append,1673,2826903,,,,,,
append,1674,2638303,,,,,,
append,1675,2599703,,,,,,
append,1676,2590503,,,,,,
append,1677,2720403,,,,,,
append,1678,2582803,,,,,,
append,1679,2618603,,,,,,
append,1680,2607404,,,,,,
append,1681,2600703,,,,,,
append,1682,2587203,,,,,,
append,1683,2729303,,,,,,
append,1684,2670903,,,,,,
append,1685,2665203,,,,,,
append,1686,2696203,,,,,,
append,1687,2569803,,,,,,
append,1688,2553603,,,,,,
append,1689,2749004,,,,,,
append,1690,2828803,,,,,,
append,1691,2639503,,,,,,
append,1692,2721803,,,,,,
append,1693,2613903,,,,,,
append,1694,2594303,,,,,,
append,1695,2574803,,,,,,
append,1696,2729104,,,,,,
append,1697,2697103,,,,,,
append,1698,2840303,,,,,,
append,1699,2622903,,,,,,
append,1700,2497703,,,,,,
append,1701,2492903,,,,,,
append,1702,2692503,,,,,,
append,1703,2687103,,,,,,
append,1704,2629503,,,,,,
append,1705,2634403,,,,,,
append,1706,2524003,,,,,,
append,1707,2573903,,,,,,
append,1708,2810404,,,,,,
append,1709,2856303,,,,,,
append,1710,3764305,,,,,,
append,1711,2652903,,,,,,
append,1712,2583603,,,,,,
append,1713,2595303,,,,,,
append,1714,2993203,,,,,,
append,1715,2680803,,,,,,
append,1716,2731504,,,,,,
append,1717,2655703,,,,,,
append,1718,2582303,,,,,,
append,1719,2628503,,,,,,
append,1720,2809003,,,,,,
append,1721,2716103,,,,,,
append,1722,2576003,,,,,,
append,1723,2639004,,,,,,
append,1724,2545703,,,,,,
append,1725,2642303,,,,,,
append,1726,2801103,,,,,,
append,1727,2798703,,,,,,
append,1728,5109606,,,,,,
append,1729,2571703,,,,,,
append,1730,2493503,,,,,,
append,1731,2824304,,,,,,
append,1732,2908603,,,,,,
append,1733,3154804,,,,,,
append,1734,2478103,,,,,,
append,1735,2412802,,,,,,
append,1736,2501603,,,,,,
append,1737,2528303,,,,,,
append,1738,2616603,,,,,,
append,1739,2381403,,,,,,
append,1740,2397803,,,,,,
append,1741,2393903,,,,,,
append,1742,2336803,,,,,,
append,1743,2529703,,,,,,
append,1744,2447202,,,,,,
append,1745,2756504,,,,,,
append,1746,2399103,,,,,,
append,1747,2344902,,,,,,
append,1748,2391203,,,,,,
append,1749,2368903,,,,,,
append,1750,2352203,,,,,,
append,1751,2505703,,,,,,
append,1752,2533703,,,,,,
append,1753,2398602,,,,,,
append,1754,2452003,,,,,,
append,1755,2461803,,,,,,
append,1756,2576403,,,,,,
append,1757,2523703,,,,,,
append,1758,2651503,,,,,,
append,1759,2490703,,,,,,
append,1760,2701503,,,,,,
append,1761,2723804,,,,,,
append,1762,2540503,,,,,,
append,1763,2424102,,,,,,
append,1764,2368603,,,,,,
append,1765,2481503,,,,,,
append,1766,2372003,,,,,,
append,1767,2323403,,,,,,
append,1768,2430103,,,,,,
append,1769,2502802,,,,,,
append,1770,2532503,,,,,,
append,1771,2501203,,,,,,
append,1772,3123404,,,,,,
append,1773,2542203,,,,,,
append,1774,2607503,,,,,,
append,1775,2583703,,,,,,
append,1776,2499103,,,,,,
append,1777,2445003,,,,,,
append,1778,2654003,,,,,,
append,1779,2395703,,,,,,
append,1780,2344703,,,,,,
append,1781,2478403,,,,,,
append,1782,2456002,,,,,,
append,1783,2358003,,,,,,
append,1784,2367103,,,,,,
append,1785,2628003,,,,,,
append,1786,2450503,,,,,,
append,1787,2492603,,,,,,
append,1788,2419503,,,,,,
append,1789,2432703,,,,,,
append,1790,2422802,,,,,,
append,1791,2601004,,,,,,
append,1792,2599003,,,,,,
append,1793,2560903,,,,,,
append,1794,2457602,,,,,,
append,1795,2394203,,,,,,
append,1796,2384603,,,,,,
append,1797,2402103,,,,,,
append,1798,2422703,,,,,,
append,1799,2438603,,,,,,
append,1800,2397402,,,,,,
append,1801,2447303,,,,,,
append,1802,2335403,,,,,,
append,1803,2333603,,,,,,
append,1804,2328803,,,,,,
append,1805,2465802,,,,,,
append,1806,2536103,,,,,,
append,1807,2486203,,,,,,
append,1808,2411603,,,,,,
append,1809,2344803,,,,,,
append,1810,2359903,,,,,,
append,1811,2368703,,,,,,
append,1812,2476802,,,,,,
append,1813,2600904,,,,,,
append,1814,2503902,,,,,,
append,1815,2408603,,,,,,
append,1816,2396903,,,,,,
append,1817,2365403,,,,,,
append,1818,2388003,,,,,,
append,1819,2463103,,,,,,
append,1820,2389102,,,,,,
append,1821,2404903,,,,,,
append,1822,2375703,,,,,,
append,1823,2347103,,,,,,
append,1824,2348503,,,,,,
append,1825,2308302,,,,,,
append,1826,2595403,,,,,,
append,1827,2455303,,,,,,
append,1828,2361003,,,,,,
append,1829,2290003,,,,,,
append,1830,2332002,,,,,,
append,1831,2364603,,,,,,
append,1832,2341803,,,,,,
append,1833,2639603,,,,,,
append,1834,2442603,,,,,,
append,1835,2346803,,,,,,
append,1836,2387202,,,,,,
append,1837,2447303,,,,,,
append,1838,2421203,,,,,,
append,1839,2463803,,,,,,
append,1840,2556703,,,,,,
append,1841,2418803,,,,,,
append,1842,2395803,,,,,,
append,1843,2423303,,,,,,
append,1844,2380502,,,,,,
append,1845,2309803,,,,,,
append,1846,2429803,,,,,,
append,1847,2700903,,,,,,
append,1848,2722403,,,,,,
append,1849,2415003,,,,,,
append,1850,2340803,,,,,,
append,1851,2378703,,,,,,
append,1852,2434303,,,,,,
append,1853,2761303,,,,,,
append,1854,2741003,,,,,,
append,1855,2432403,,,,,,
append,1856,2399803,,,,,,
append,1857,2480603,,,,,,
append,1858,2410603,,,,,,
append,1859,2512603,,,,,,
append,1860,2771803,,,,,,
append,1861,2403903,,,,,,
append,1862,2446702,,,,,,
append,1863,2387203,,,,,,
append,1864,2392303,,,,,,
append,1865,2403403,,,,,,
append,1866,2374403,,,,,,
append,1867,2618603,,,,,,
append,1868,2505203,,,,,,
append,1869,2413803,,,,,,
append,1870,2500003,,,,,,
append,1871,2562803,,,,,,
append,1872,2382402,,,,,,
append,1873,2456903,,,,,,
append,1874,2460903,,,,,,
append,1875,2339703,,,,,,
append,1876,2659203,,,,,,
append,1877,2491103,,,,,,
append,1878,2474503,,,,,,
append,1879,2379003,,,,,,
append,1880,2647803,,,,,,
append,1881,2455803,,,,,,
append,1882,2734703,,,,,,
append,1883,2749703,,,,,,
append,1884,2754903,,,,,,
append,1885,2506903,,,,,,
append,1886,2488203,,,,,,
append,1887,2662003,,,,,,
append,1888,2397703,,,,,,
append,1889,2501703,,,,,,
append,1890,2403503,,,,,,
append,1891,2402603,,,,,,
append,1892,2367203,,,,,,
append,1893,2454002,,,,,,
append,1894,2556703,,,,,,
append,1895,2332003,,,,,,
append,1896,2513803,,,,,,
append,1897,2446203,,,,,,
append,1898,2406303,,,,,,
append,1899,2395003,,,,,,
append,1900,2572303,,,,,,
append,1901,2636403,,,,,,
append,1902,2537203,,,,,,
append,1903,2581203,,,,,,
append,1904,2521703,,,,,,
append,1905,2479203,,,,,,
append,1906,2514003,,,,,,
append,1907,2707503,,,,,,
append,1908,2473903,,,,,,
append,1909,2764203,,,,,,
append,1910,2643903,,,,,,
append,1911,2463203,,,,,,
append,1912,2527703,,,,,,
append,1913,2605003,,,,,,
append,1914,2440703,,,,,,
append,1915,2721603,,,,,,
append,1916,2532703,,,,,,
append,1917,2442403,,,,,,
append,1918,2587503,,,,,,
append,1919,2565703,,,,,,
append,1920,2743803,,,,,,
append,1921,2657903,,,,,,
append,1922,2557603,,,,,,
append,1923,2512703,,,,,,
append,1924,2509603,,,,,,
append,1925,2460603,,,,,,
append,1926,3492404,,,,,,
append,1927,2741803,,,,,,
append,1928,2488103,,,,,,
append,1929,2469503,,,,,,
append,1930,2349903,,,,,,
append,1931,2329603,,,,,,
append,1932,2464003,,,,,,
append,1933,2449503,,,,,,
append,1934,2341202,,,,,,
append,1935,2341403,,,,,,
append,1936,2310703,,,,,,
append,1937,2314403,,,,,,
append,1938,2393302,,,,,,
append,1939,2483803,,,,,,
append,1940,2518503,,,,,,
append,1941,2342803,,,,,,
append,1942,2374403,,,,,,
append,1943,2393803,,,,,,
append,1944,2403202,,,,,,
append,1945,2396003,,,,,,
append,1946,2417603,,,,,,
append,1947,2618403,,,,,,
append,1948,2531603,,,,,,
append,1949,2545903,,,,,,
append,1950,2533303,,,,,,
append,1951,2490403,,,,,,
append,1952,2477203,,,,,,
append,1953,2735003,,,,,,
append,1954,2519803,,,,,,
append,1955,2447003,,,,,,
append,1956,2435703,,,,,,
append,1957,2447503,,,,,,
append,1958,2455203,,,,,,
append,1959,2672203,,,,,,
append,1960,3454704,,,,,,
append,1961,2794203,,,,,,
append,1962,2719503,,,,,,
append,1963,2506103,,,,,,
append,1964,2714803,,,,,,
append,1965,3034504,,,,,,
append,1966,2651803,,,,,,
append,1967,2543603,,,,,,
append,1968,2461703,,,,,,
append,1969,2438203,,,,,,
append,1970,2562703,,,,,,
append,1971,2662003,,,,,,
append,1972,2623603,,,,,,
append,1973,2519103,,,,,,
append,1974,2571003,,,,,,
append,1975,2437003,,,,,,
append,1976,2497103,,,,,,
append,1977,2442103,,,,,,
append,1978,2440303,,,,,,
append,1979,2635203,,,,,,
append,1980,2531403,,,,,,
append,1981,2540403,,,,,,
append,1982,2442403,,,,,,
append,1983,2631103,,,,,,
append,1984,2571003,,,,,,
append,1985,2605403,,,,,,
append,1986,2508103,,,,,,
append,1987,2534403,,,,,,
append,1988,2439103,,,,,,
append,1989,2530903,,,,,,
append,1990,2651603,,,,,,
append,1991,2513403,,,,,,
append,1992,2592603,,,,,,
append,1993,2547703,,,,,,
append,1994,2462203,,,,,,
append,1995,2452302,,,,,,
append,1996,2431703,,,,,,
append,1997,2386503,,,,,,
append,1998,2719603,,,,,,
append,1999,2576103,,,,,,
append,2000,2451103,,,,,,
ingest,,5142221277,2000,28,296000,2208,,
