workload,seed,events,write_ns,replay_ns,build_ns,raw_bytes,summary_bytes,peak_rss_kib
gauge,42,2048,8415831285,12627900,145800,303104,16896,3800
gauge,43,2048,8436880389,12697600,43000,303104,16896,4028
gauge,44,2048,9172851996,11357900,39300,303104,16896,4040
clustered_logs,42,2048,7749117798,21044700,1030900,575130,16896,4744
clustered_logs,43,2048,7984299141,22433900,2206500,575130,16896,4744
clustered_logs,44,2048,7916381168,11195600,928500,575130,16896,4744
shuffled_logs,42,2048,8178475841,18910600,1022400,575130,16896,4732
shuffled_logs,43,2048,7786993539,15059200,1000700,575130,16896,4732
shuffled_logs,44,2048,7542051632,8724800,735500,575130,16896,4736
mixed,42,2048,6264627622,21532500,918300,439117,16896,4612
mixed,43,2048,7890243512,18872302,1015000,439117,16896,4612
mixed,44,2048,7931631359,11581301,516600,439117,16896,4612
