kind,n,body_len,attrs,distinct_values,jitter_ns,bytes_per_record,encode_ns_per_record,decode_ns_per_record,view_ns_per_record
0,1,0,0,1,0,47.00,638,650,555
0,1,64,0,1,0,111.00,591,439,481
0,1,256,0,1,0,304.00,512,635,562
0,1,1024,0,1,0,1072.00,1188,1406,1376
0,1,64,0,1,0,111.00,672,685,528
0,1,64,2,1,0,147.00,636,1139,675
0,1,64,5,1,0,189.00,805,1039,1099
0,1,64,10,1,0,259.00,2112,2429,1326
0,1,64,3,1,0,161.00,1251,1437,1054
0,1,64,3,16,0,177.00,1450,1409,1017
0,1,64,3,1024,0,177.00,752,972,766
0,1,64,3,1099511627776,0,177.00,745,943,714
0,1,64,0,1,0,111.00,360,409,359
0,1,64,0,1,1000,111.00,341,415,391
0,1,64,0,1,1000000,111.00,359,463,420
0,1,64,0,1,1000000000,111.00,386,490,377
1,1,0,1,4,0,85.00,488,713,516
2,1,0,3,16,0,145.00,916,914,700
0,16,0,0,1,0,12.56,157,120,87
0,16,64,0,1,0,76.56,210,193,140
0,16,256,0,1,0,269.56,342,383,296
0,16,1024,0,1,0,1037.56,1018,1028,927
0,16,64,0,1,0,76.56,279,304,204
0,16,64,2,1,0,84.44,388,580,232
0,16,64,5,1,0,95.50,401,950,285
0,16,64,10,1,0,113.94,524,1458,441
0,16,64,3,1,0,88.12,442,944,281
0,16,64,3,16,0,96.00,524,1099,539
0,16,64,3,1024,0,114.50,732,1383,636
0,16,64,3,1099511627776,0,114.50,477,902,455
0,16,64,0,1,0,76.56,227,218,155
0,16,64,0,1,1000,77.25,280,265,207
0,16,64,0,1,1000000,77.69,253,247,141
0,16,64,0,1,1000000000,78.56,219,208,155
1,16,0,1,4,0,37.62,179,553,339
2,16,0,3,16,0,62.44,382,949,450
0,256,0,0,1,0,10.16,193,153,89
0,256,64,0,1,0,74.16,236,233,141
0,256,256,0,1,0,267.16,422,421,352
0,256,1024,0,1,0,1035.16,1054,990,863
0,256,64,0,1,0,74.16,225,207,148
0,256,64,2,1,0,80.28,323,507,240
0,256,64,5,1,0,89.41,444,810,263
0,256,64,10,1,0,104.62,490,1357,443
0,256,64,3,1,0,83.32,283,509,253
0,256,64,3,16,0,83.82,295,538,254
0,256,64,3,1024,0,112.08,478,992,555
0,256,64,3,1099511627776,0,117.94,575,1303,771
0,256,64,0,1,0,74.16,228,202,147
0,256,64,0,1,1000,74.95,246,261,140
0,256,64,0,1,1000000,75.45,225,246,142
0,256,64,0,1,1000000000,76.76,233,234,145
1,256,0,1,4,0,21.98,131,427,202
2,256,0,3,16,0,47.97,221,624,221
0,4096,0,0,1,0,10.01,153,122,78
0,4096,64,0,1,0,74.01,211,232,128
0,4096,256,0,1,0,267.01,390,379,277
0,4096,1024,0,1,0,1035.01,1071,1068,877
0,4096,64,0,1,0,74.01,244,198,136
0,4096,64,2,1,0,80.02,354,584,234
0,4096,64,5,1,0,89.03,415,832,321
0,4096,64,10,1,0,104.04,593,1277,389
0,4096,64,3,1,0,83.02,413,582,209
0,4096,64,3,16,0,83.05,306,629,294
0,4096,64,3,1024,0,89.13,360,663,296
0,4096,64,3,1099511627776,0,121.82,538,1307,877
0,4096,64,0,1,0,74.01,211,190,123
0,4096,64,0,1,1000,74.80,203,189,124
0,4096,64,0,1,1000000,75.31,203,188,126
0,4096,64,0,1,1000000000,76.63,204,194,132
1,4096,0,1,4,0,20.72,125,307,146
2,4096,0,3,16,0,47.06,202,502,196
0,65536,0,0,1,0,10.00,221,218,102
0,65536,64,0,1,0,74.00,249,301,159
0,65536,256,0,1,0,267.00,494,487,325
0,65536,1024,0,1,0,1035.00,2555,1578,1032
0,65536,64,0,1,0,74.00,255,241,137
0,65536,64,2,1,0,80.00,389,667,221
0,65536,64,5,1,0,89.00,637,1132,267
0,65536,64,10,1,0,104.00,865,2231,448
0,65536,64,3,1,0,83.00,378,785,251
0,65536,64,3,16,0,83.00,413,770,253
0,65536,64,3,1024,0,86.79,364,654,259
0,65536,64,3,1099511627776,0,129.02,865,1443,1032
0,65536,64,0,1,0,74.00,287,285,129
0,65536,64,0,1,1000,74.79,259,260,158
0,65536,64,0,1,1000000,75.30,288,218,131
0,65536,64,0,1,1000000000,76.62,253,224,143
1,65536,0,1,4,0,20.98,137,460,144
2,65536,0,3,16,0,47.00,251,699,233
