kind,n,body_len,attrs,distinct_values,jitter_ns,bytes_per_record,encode_ns_per_record,decode_ns_per_record
0,1,0,0,1,0,47.00,757,669
0,1,64,0,1,0,111.00,1074,755
0,1,256,0,1,0,304.00,1053,550
0,1,1024,0,1,0,1072.00,1256,1129
0,1,64,0,1,0,111.00,502,421
0,1,64,2,1,0,147.00,953,1066
0,1,64,5,1,0,189.00,1447,1693
0,1,64,10,1,0,259.00,2589,3331
0,1,64,3,1,0,161.00,1398,1451
0,1,64,3,16,0,177.00,1762,1551
0,1,64,3,1024,0,177.00,1502,1559
0,1,64,3,1099511627776,0,177.00,1518,1494
0,1,64,0,1,0,111.00,476,429
0,1,64,0,1,1000,111.00,501,427
0,1,64,0,1,1000000,111.00,515,423
0,1,64,0,1,1000000000,111.00,506,526
1,1,0,1,4,0,85.00,683,857
2,1,0,3,16,0,145.00,1343,1484
0,16,0,0,1,0,12.56,190,120
0,16,64,0,1,0,76.56,290,199
0,16,256,0,1,0,269.56,406,333
0,16,1024,0,1,0,1037.56,1104,1115
0,16,64,0,1,0,76.56,356,295
0,16,64,2,1,0,84.44,478,740
0,16,64,5,1,0,95.50,748,1474
0,16,64,10,1,0,113.94,1126,2196
0,16,64,3,1,0,88.12,410,995
0,16,64,3,16,0,96.00,1087,1344
0,16,64,3,1024,0,114.50,1169,1785
0,16,64,3,1099511627776,0,114.50,1247,1656
0,16,64,0,1,0,76.56,309,247
0,16,64,0,1,1000,77.25,297,272
0,16,64,0,1,1000000,77.69,355,277
0,16,64,0,1,1000000000,78.56,358,278
1,16,0,1,4,0,37.62,455,758
2,16,0,3,16,0,62.44,512,1262
0,256,0,0,1,0,10.16,187,98
0,256,64,0,1,0,74.16,237,166
0,256,256,0,1,0,267.16,426,344
0,256,1024,0,1,0,1035.16,1027,986
0,256,64,0,1,0,74.16,208,166
0,256,64,2,1,0,80.28,308,605
0,256,64,5,1,0,89.41,429,1152
0,256,64,10,1,0,104.62,1135,2107
0,256,64,3,1,0,83.32,326,840
0,256,64,3,16,0,83.82,477,995
0,256,64,3,1024,0,112.08,1777,1524
0,256,64,3,1099511627776,0,117.94,1898,1633
0,256,64,0,1,0,74.16,218,201
0,256,64,0,1,1000,74.95,224,193
0,256,64,0,1,1000000,75.45,243,175
0,256,64,0,1,1000000000,76.76,216,170
1,256,0,1,4,0,21.98,137,444
2,256,0,3,16,0,47.97,266,770
0,4096,0,0,1,0,10.01,150,90
0,4096,64,0,1,0,74.01,215,171
0,4096,256,0,1,0,267.01,378,375
0,4096,1024,0,1,0,1035.01,1084,997
0,4096,64,0,1,0,74.01,210,179
0,4096,64,2,1,0,80.02,310,610
0,4096,64,5,1,0,89.03,470,1327
0,4096,64,10,1,0,104.04,1051,2062
0,4096,64,3,1,0,83.02,338,716
0,4096,64,3,16,0,83.05,453,715
0,4096,64,3,1024,0,89.13,1059,799
0,4096,64,3,1099511627776,0,121.82,2035,1815
0,4096,64,0,1,0,74.01,224,176
0,4096,64,0,1,1000,74.80,223,177
0,4096,64,0,1,1000000,75.31,246,181
0,4096,64,0,1,1000000000,76.63,260,183
1,4096,0,1,4,0,20.72,113,376
2,4096,0,3,16,0,47.06,414,729
0,65536,0,0,1,0,10.00,197,133
0,65536,64,0,1,0,74.00,272,196
0,65536,256,0,1,0,267.00,608,488
0,65536,1024,0,1,0,1035.00,2162,1424
0,65536,64,0,1,0,74.00,243,224
0,65536,64,2,1,0,80.00,381,736
0,65536,64,5,1,0,89.00,525,1653
0,65536,64,10,1,0,104.00,1243,3153
0,65536,64,3,1,0,83.00,386,1001
0,65536,64,3,16,0,83.00,581,1052
0,65536,64,3,1024,0,86.79,1174,894
0,65536,64,3,1099511627776,0,129.02,2902,2017
0,65536,64,0,1,0,74.00,254,192
0,65536,64,0,1,1000,74.79,237,203
0,65536,64,0,1,1000000,75.30,259,237
0,65536,64,0,1,1000000000,76.62,270,211
1,65536,0,1,4,0,20.98,149,623
2,65536,0,3,16,0,47.00,276,1170
