seed,variant,producers,bursts,message_bytes,packet_size,data_delay_ticks,control_delay_ticks,bdp_packets,sender_queue_cap_bytes,switch_queue_cap_bytes,receiver_queue_cap_bytes,injection_interval_ticks,drain_deadline_ticks,nominal_burst_spacing_ticks,jitter_magnitude_ticks,control_message_bytes,switch_egress_packets_per_tick,sender_packets_per_tick,offered_messages,offered_bytes,completed_injection_messages,completed_injection_bytes,completed_deadline_messages,ack_count,rejection_count,loss_count,control_messages,control_bytes,data_packets_sent,data_packets_delivered,modeled_commits,sender_peak_bytes,max_sender_queue_per_producer_bytes,sender_retained_peak_bytes,max_sender_retained_per_producer_bytes,sender_byte_ticks,switch_peak_bytes,switch_byte_ticks,receiver_peak_bytes,receiver_byte_ticks,total_queue_peak_bytes,total_queue_byte_ticks,p99_burst_peak_hotspot_bytes,max_granted_outstanding_packets,max_sender_window_outstanding_packets,cap_overflow_count,unacked_at_deadline
0,M0,32,1000,65536,1500,4,4,9,131072,768000,0,1760000,1770000,1760,400,32,1,1,32000,2097152000,32000,2097152000,32000,32000,0,0,1440000,46080000,1408000,1408000,32000,2286304,72572,4194304,131072,984551231700,420000,532956147500,0,0,2706304,1517507379200,420000,0,9,0,0
0,M1,32,1000,65536,1500,4,4,9,131072,768000,0,1760000,1770000,1760,400,32,1,1,32000,2097152000,32000,2097152000,32000,32000,0,0,1472000,47104000,1408000,1408000,32000,2716804,86072,4194304,131072,1532142005200,13500,2142590000,0,0,2718304,1534284595200,13500,9,0,0,0
1,M0,32,1000,65536,1500,4,4,9,131072,768000,0,1760000,1770000,1760,400,32,1,1,32000,2097152000,32000,2097152000,32000,32000,0,0,1440000,46080000,1408000,1408000,32000,2274304,71072,4194304,131072,986234411236,420000,533460297500,0,0,2694304,1519694708736,420000,0,9,0,0
1,M1,32,1000,65536,1500,4,4,9,131072,768000,0,1760000,1770000,1760,400,32,1,1,32000,2097152000,32000,2097152000,32000,32000,0,0,1472000,47104000,1408000,1408000,32000,2704804,84572,4194304,131072,1534330030736,13500,2141894000,0,0,2706304,1536471924736,13500,9,0,0,0
2,M0,32,1000,65536,1500,4,4,9,131072,768000,0,1760000,1770000,1760,400,32,1,1,32000,2097152000,32000,2097152000,32000,32000,0,0,1440000,46080000,1408000,1408000,32000,2245804,71072,4194304,131072,983729292380,420000,532918254500,0,0,2665804,1516647546880,420000,0,9,0,0
2,M1,32,1000,65536,1500,4,4,9,131072,768000,0,1760000,1770000,1760,400,32,1,1,32000,2097152000,32000,2097152000,32000,32000,0,0,1472000,47104000,1408000,1408000,32000,2676304,84572,4194304,131072,1531282163880,13500,2142599000,0,0,2677804,1533424762880,13500,9,0,0,0
3,M0,32,1000,65536,1500,4,4,9,131072,768000,0,1760000,1770000,1760,400,32,1,1,32000,2097152000,32000,2097152000,32000,32000,0,0,1440000,46080000,1408000,1408000,32000,2304304,72572,4194304,131072,988798650856,420000,533381183000,0,0,2724304,1522179833856,420000,0,9,0,0
3,M1,32,1000,65536,1500,4,4,9,131072,768000,0,1760000,1770000,1760,400,32,1,1,32000,2097152000,32000,2097152000,32000,32000,0,0,1472000,47104000,1408000,1408000,32000,2734804,86072,4194304,131072,1536814840856,13500,2142209000,0,0,2736304,1538957049856,13500,9,0,0,0
4,M0,32,1000,65536,1500,4,4,9,131072,768000,0,1760000,1770000,1760,400,32,1,1,32000,2097152000,32000,2097152000,32000,32000,0,0,1440000,46080000,1408000,1408000,32000,2295304,72572,4194304,131072,985188640172,420000,532918524500,0,0,2715304,1518107164672,420000,0,9,0,0
4,M1,32,1000,65536,1500,4,4,9,131072,768000,0,1760000,1770000,1760,400,32,1,1,32000,2097152000,32000,2097152000,32000,32000,0,0,1472000,47104000,1408000,1408000,32000,2725804,86072,4194304,131072,1532742008172,13500,2142372500,0,0,2727304,1534884380672,13500,9,0,0,0
5,M0,32,1000,65536,1500,4,4,9,131072,768000,0,1760000,1770000,1760,400,32,1,1,32000,2097152000,32000,2097152000,32000,32000,0,0,1440000,46080000,1408000,1408000,32000,2266804,71072,4194304,131072,985549600092,420000,533260110500,0,0,2686804,1518809710592,420000,0,9,0,0
5,M1,32,1000,65536,1500,4,4,9,131072,768000,0,1760000,1770000,1760,400,32,1,1,32000,2097152000,32000,2097152000,32000,32000,0,0,1472000,47104000,1408000,1408000,32000,2697304,84572,4194304,131072,1533444633592,13500,2142293000,0,0,2698804,1535586926592,13500,9,0,0,0
6,M0,32,1000,65536,1500,4,4,9,131072,768000,0,1760000,1770000,1760,400,32,1,1,32000,2097152000,32000,2097152000,32000,32000,0,0,1440000,46080000,1408000,1408000,32000,2271304,71072,4194304,131072,985107871940,420000,533175453500,0,0,2691304,1518283325440,420000,0,9,0,0
6,M1,32,1000,65536,1500,4,4,9,131072,768000,0,1760000,1770000,1760,400,32,1,1,32000,2097152000,32000,2097152000,32000,32000,0,0,1472000,47104000,1408000,1408000,32000,2701804,84572,4194304,131072,1532917972440,13500,2142569000,0,0,2703304,1535060541440,13500,9,0,0,0
7,M0,32,1000,65536,1500,4,4,9,131072,768000,0,1760000,1770000,1760,400,32,1,1,32000,2097152000,32000,2097152000,32000,32000,0,0,1440000,46080000,1408000,1408000,32000,2286304,72572,4194304,131072,986872336764,420000,533271162500,0,0,2706304,1520143499264,420000,0,9,0,0
7,M1,32,1000,65536,1500,4,4,9,131072,768000,0,1760000,1770000,1760,400,32,1,1,32000,2097152000,32000,2097152000,32000,32000,0,0,1472000,47104000,1408000,1408000,32000,2716804,86072,4194304,131072,1534778212264,13500,2142503000,0,0,2718304,1536920715264,13500,9,0,0,0
8,M0,32,1000,65536,1500,4,4,9,131072,768000,0,1760000,1770000,1760,400,32,1,1,32000,2097152000,32000,2097152000,32000,32000,0,0,1440000,46080000,1408000,1408000,32000,2275804,72572,4194304,131072,989054559800,420000,533538413000,0,0,2695804,1522592972800,420000,0,9,0,0
8,M1,32,1000,65536,1500,4,4,9,131072,768000,0,1760000,1770000,1760,400,32,1,1,32000,2097152000,32000,2097152000,32000,32000,0,0,1472000,47104000,1408000,1408000,32000,2706304,84572,4194304,131072,1537228086300,13500,2142102500,0,0,2707804,1539370188800,13500,9,0,0,0
9,M0,32,1000,65536,1500,4,4,9,131072,768000,0,1760000,1770000,1760,400,32,1,1,32000,2097152000,32000,2097152000,32000,32000,0,0,1440000,46080000,1408000,1408000,32000,2298304,72572,4194304,131072,983188761692,420000,532842222500,0,0,2718304,1516030984192,420000,0,9,0,0
9,M1,32,1000,65536,1500,4,4,9,131072,768000,0,1760000,1770000,1760,400,32,1,1,32000,2097152000,32000,2097152000,32000,32000,0,0,1472000,47104000,1408000,1408000,32000,2728804,86072,4194304,131072,1530665328192,13500,2142872000,0,0,2730304,1532808200192,13500,9,0,0,0
